Rk,Player,Pos,Age,Tm,G,MP,PER,TS%,3PAr,FTr,ORB%,DRB%,TRB%,AST%,STL%,BLK%,TOV%,USG%,,OWS,DWS,WS,WS/48,OBPM,DBPM,BPM,VORP
1,Precious Achiuwa\achiupr01,PF,21,MIA,45,577,14.4,.562,.000,.543,11.2,20.0,15.7,6.6,1.3,4.2,14.7,19.5,,0.2,0.9,1.1,.092,-3.1,-0.5,-3.6,-0.2
2,Jaylen Adams\adamsja01,PG,24,MIL,7,18,-6.6,.125,.250,.000,0.0,17.0,8.8,12.8,0.0,0.0,0.0,18.6,,-0.1,0.0,-0.1,-0.249,-14.9,-5.0,-19.8,-0.1
3,Steven Adams\adamsst01,C,27,NOP,43,1210,15.6,.613,.013,.425,15.5,19.7,17.6,8.9,1.6,2.4,18.8,12.0,,2.0,0.9,2.9,.115,-0.1,-0.7,-0.8,0.4
4,Bam Adebayo\adebaba01,C,23,MIA,41,1384,23.0,.629,.013,.439,8.3,22.9,15.9,27.1,1.3,3.6,15.1,24.0,,3.7,2.2,5.9,.204,3.2,1.9,5.1,2.5
5,LaMarcus Aldridge\aldrila01,C,35,SAS,21,544,15.1,.545,.302,.149,3.2,15.2,9.1,10.2,0.7,2.9,7.0,22.8,,0.3,0.5,0.8,.072,-0.2,-1.0,-1.2,0.1
6,Ty-Shon Alexander\alexaty01,SG,22,PHO,4,10,-13.6,.000,.500,.000,0.0,10.9,5.6,11.4,0.0,0.0,0.0,17.8,,-0.1,0.0,-0.1,-0.361,-18.0,-6.3,-24.3,-0.1
7,Nickeil Alexander-Walker\alexani01,SG,22,NOP,38,762,12.8,.527,.512,.129,1.5,15.1,8.4,14.0,2.3,2.2,12.2,22.5,,0.0,0.6,0.6,.040,-1.5,0.0,-1.4,0.1
8,Grayson Allen\allengr01,SG,25,MEM,32,775,13.0,.591,.656,.209,1.6,13.1,7.2,11.5,2.0,0.6,10.1,16.1,,0.9,0.9,1.8,.110,-0.2,0.6,0.3,0.5
9,Jarrett Allen\allenja01,C,22,CLE,44,1262,21.8,.676,.036,.655,11.8,26.9,19.3,9.0,0.8,5.2,13.3,16.9,,3.5,1.6,5.1,.194,2.2,0.1,2.3,1.4
10,Al-Farouq Aminu\aminual01,PF,30,CHI,18,379,9.6,.483,.356,.211,5.3,21.5,13.2,10.9,2.2,2.2,21.5,14.3,,-0.4,0.5,0.2,.022,-4.8,1.1,-3.7,-0.2
11,Kyle Anderson\anderky01,PF,27,MEM,42,1138,16.6,.579,.386,.255,2.8,19.8,11.0,17.4,2.1,2.3,11.3,18.7,,1.5,1.6,3.1,.131,1.1,1.4,2.5,1.3
12,Giannis Antetokounmpo\antetgi01,PF,26,MIL,43,1461,28.7,.622,.208,.533,5.7,28.9,17.6,30.0,1.6,3.3,13.7,32.7,,4.8,2.4,7.3,.239,6.0,2.5,8.5,3.9
13,Kostas Antetokounmpo\antetko01,PF,23,LAL,6,26,6.1,.521,.000,1.000,8.8,33.5,21.4,0.0,3.7,10.2,51.0,19.7,,-0.1,0.1,-0.1,-0.099,-10.3,3.5,-6.8,0.0
14,Thanasis Antetokounmpo\antetth01,SF,28,MIL,34,335,12.7,.593,.217,.289,11.0,13.1,12.1,10.7,1.7,1.9,21.1,14.8,,0.3,0.4,0.7,.097,-1.9,0.0,-2.0,0.0
15,Carmelo Anthony\anthoca01,PF,36,POR,45,1169,14.7,.535,.387,.220,2.2,11.6,6.8,10.1,1.6,2.5,7.3,23.3,,1.0,0.4,1.4,.058,-0.5,-1.6,-2.1,0.0
16,Cole Anthony\anthoco01,PG,20,ORL,25,667,10.3,.469,.309,.204,3.0,14.6,8.6,21.7,1.2,1.6,14.8,22.3,,-0.7,0.6,-0.1,-0.006,-3.0,-1.1,-4.1,-0.4
17,OG Anunoby\anunoog01,SF,23,TOR,29,970,14.7,.614,.522,.218,4.7,15.1,9.7,8.2,2.4,2.4,13.1,17.7,,0.9,1.1,2.0,.100,0.2,0.7,1.0,0.7
18,Ryan Arcidiacono\arcidry01,PG,26,CHI,28,313,9.0,.517,.598,.195,1.1,14.2,7.8,15.2,1.1,0.0,7.3,13.1,,0.3,0.2,0.5,.078,-3.2,0.0,-3.2,-0.1
19,Trevor Ariza\arizatr01,F,35,MIA,6,137,8.4,.401,.535,.163,3.4,18.9,11.4,10.4,1.4,3.8,6.1,16.0,,-0.1,0.2,0.1,.021,-4.8,0.8,-4.1,-0.1
20,D.J. Augustin\augusdj01,PG,33,HOU,43,839,11.3,.558,.644,.220,1.9,6.1,4.0,20.8,1.4,0.1,14.8,15.2,,1.0,0.6,1.6,.091,-0.9,-1.1,-1.9,0.0
21,Deni Avdija\avdijde01,SF,20,WAS,42,937,7.5,.526,.554,.112,1.8,20.4,11.0,6.9,1.2,0.9,10.6,12.1,,-0.1,0.8,0.7,.037,-3.7,-0.5,-4.2,-0.5
22,Deandre Ayton\aytonde01,C,22,PHO,46,1405,19.8,.639,.036,.254,12.8,27.1,20.2,7.3,0.6,3.2,12.5,19.2,,3.3,2.3,5.5,.189,0.5,-0.1,0.4,0.9
23,Udoka Azubuike\azubuud01,C,21,UTA,12,49,10.5,.622,.000,.857,9.0,18.6,14.0,0.0,1.0,6.5,23.7,11.1,,0.0,0.1,0.1,.108,-5.5,1.2,-4.3,0.0
24,Dwayne Bacon\bacondw01,SG,25,ORL,47,1184,9.2,.499,.319,.218,1.2,11.3,6.1,7.3,1.0,0.2,6.2,19.0,,-0.2,0.8,0.6,.025,-3.6,-1.3,-5.0,-0.9
25,Marvin Bagley III\baglema01,PF,21,SAC,37,951,16.3,.553,.231,.262,10.5,21.7,16.0,5.4,0.9,1.7,9.6,23.1,,0.8,0.3,1.2,.059,-0.6,-2.9,-3.5,-0.4
26,LaMelo Ball\ballla01,PG,19,CHO,41,1174,18.6,.562,.411,.234,5.0,17.3,11.1,33.5,2.7,1.2,16.5,25.3,,1.5,1.5,3.0,.121,1.9,0.8,2.7,1.4
27,Lonzo Ball\balllo01,PG,23,NOP,38,1205,15.2,.562,.642,.093,2.1,12.5,7.3,24.1,2.0,1.7,13.7,19.7,,1.5,0.8,2.3,.092,1.4,-0.2,1.2,1.0
28,Mo Bamba\bambamo01,C,22,ORL,25,282,18.0,.528,.361,.168,10.7,28.5,19.3,5.8,0.5,8.0,7.3,21.1,,0.2,0.5,0.7,.114,-0.6,0.1,-0.5,0.1
29,Desmond Bane\banede01,SG,22,MEM,40,895,11.9,.621,.524,.103,1.7,12.4,6.9,8.2,1.4,0.6,11.6,16.2,,0.8,0.8,1.7,.090,-1.1,-0.3,-1.4,0.1
30,Harrison Barnes\barneha02,PF,28,SAC,44,1581,15.3,.613,.379,.396,3.2,17.2,10.1,13.3,0.9,0.4,10.3,17.0,,3.1,0.2,3.3,.100,1.2,-1.6,-0.4,0.6
31,RJ Barrett\barrerj01,SG,20,NYK,47,1601,13.7,.520,.236,.276,3.6,15.7,9.7,15.1,1.1,0.7,10.7,24.1,,0.4,1.9,2.3,.069,-1.2,-0.5,-1.7,0.1
32,Will Barton\bartowi01,SF,30,DEN,44,1362,11.5,.528,.420,.168,2.5,12.7,7.6,13.4,1.4,1.5,12.5,18.8,,0.4,1.1,1.5,.052,-1.2,-1.3,-2.5,-0.2
33,Keita Bates-Diop\bateske01,SF,25,SAS,16,118,10.9,.467,.469,.313,4.4,13.7,8.9,7.8,2.5,0.7,2.7,13.8,,0.0,0.1,0.2,.075,-2.6,0.5,-2.0,0.0
34,Nicolas Batum\batumni01,SF,32,LAC,46,1324,12.9,.629,.679,.159,3.2,15.7,9.6,10.7,1.9,1.1,10.9,11.6,,2.2,1.5,3.7,.133,0.5,0.6,1.1,1.0
35,Aron Baynes\baynear01,C,34,TOR,44,804,9.8,.485,.333,.135,9.5,21.7,15.4,7.2,0.7,2.3,11.9,16.3,,0.0,0.7,0.6,.038,-3.6,-1.4,-5.0,-0.6
36,Kent Bazemore\bazemke01,SF,31,GSW,45,736,11.0,.567,.493,.203,2.5,16.1,9.3,12.8,2.3,2.8,17.2,16.5,,-0.1,1.1,1.0,.064,-2.7,1.5,-1.2,0.1
37,Darius Bazley\bazleda01,PF,20,OKC,36,1104,9.4,.487,.462,.201,2.1,23.4,12.8,7.4,0.8,1.8,12.6,19.8,,-1.5,1.3,-0.2,-0.008,-3.2,-0.9,-4.1,-0.6
38,Bradley Beal\bealbr01,SG,27,WAS,41,1454,23.4,.600,.287,.354,3.3,11.7,7.5,24.1,1.6,0.9,11.3,34.5,,3.1,1.0,4.1,.135,5.3,-1.4,3.9,2.2
39,Malik Beasley\beaslma01,SG,24,MIN,35,1153,15.2,.571,.532,.128,2.5,12.7,7.4,12.5,1.2,0.4,8.8,24.4,,0.9,0.4,1.4,.057,1.9,-2.2,-0.3,0.5
40,Jordan Bell\belljo01,C,26,WAS,3,50,8.0,.333,.133,.000,10.5,23.5,16.9,13.0,0.9,5.1,16.7,14.9,,-0.1,0.1,0.0,-0.032,-5.1,-1.2,-6.3,-0.1
41,DeAndre' Bembry\bembrde01,SF,26,TOR,32,548,10.6,.589,.237,.212,3.3,12.6,7.7,16.0,1.8,1.9,20.4,12.7,,0.3,0.5,0.8,.067,-2.8,0.7,-2.1,0.0
42,Dāvis Bertāns\bertada01,PF,28,WAS,35,864,10.9,.596,.882,.236,1.8,10.6,6.2,4.7,1.1,0.8,6.2,16.3,,1.0,0.5,1.4,.080,0.0,-1.7,-1.6,0.1
43,Patrick Beverley\beverpa01,PG,32,LAC,29,689,13.2,.608,.657,.215,4.5,12.8,8.7,11.5,1.8,2.9,12.0,14.5,,1.1,0.8,2.0,.136,-0.1,0.9,0.7,0.5
44,Saddiq Bey\beysa01,SF,21,DET,44,1097,12.7,.584,.688,.211,2.4,16.4,9.3,8.2,1.2,0.4,7.2,17.6,,1.3,0.9,2.2,.095,0.5,-1.0,-0.5,0.4
45,Tyler Bey\beyty01,SF,22,DAL,9,32,7.9,.313,.091,.364,17.5,23.6,20.6,4.1,0.0,2.9,0.0,17.7,,0.0,0.0,0.0,-0.006,-5.3,-4.0,-9.3,-0.1
46,Khem Birch\birchkh01,C,28,ORL,46,930,14.6,.526,.102,.415,12.6,14.4,13.5,8.0,1.6,2.8,8.7,12.3,,1.4,1.0,2.4,.125,-1.4,-0.5,-1.8,0.0
47,Goga Bitadze\bitadgo01,C,21,IND,26,248,17.2,.559,.333,.299,11.6,16.8,14.2,4.6,1.0,9.6,9.2,18.9,,0.3,0.4,0.7,.129,-2.3,1.0,-1.3,0.0
48,Bismack Biyombo\biyombi01,C,28,CHO,44,957,11.5,.574,.006,.425,10.2,16.4,13.3,8.2,0.6,5.4,18.5,11.3,,0.8,1.0,1.7,.086,-3.1,-0.1,-3.2,-0.3
49,Nemanja Bjelica\bjeline01,PF,32,MIA,27,444,12.5,.555,.387,.280,5.9,19.5,12.6,14.9,0.9,0.4,14.7,19.1,,0.4,0.1,0.4,.047,-1.5,-1.7,-3.2,-0.1
50,Eric Bledsoe\bledser01,SG,31,NOP,45,1331,11.2,.530,.493,.224,1.5,11.0,6.3,17.3,1.2,1.0,12.3,17.7,,0.8,0.4,1.3,.045,-1.2,-1.7,-2.9,-0.3
51,Keljin Blevins\blevike01,SF,25,POR,9,47,-3.6,.182,.364,.000,0.0,4.7,2.3,10.7,2.1,0.0,21.4,12.9,,-0.2,0.0,-0.2,-0.198,-10.9,-3.2,-14.1,-0.1
52,Bogdan Bogdanović\bogdabo01,SG,28,ATL,22,526,12.6,.543,.617,.081,2.3,12.1,7.3,15.5,1.5,0.7,8.8,19.6,,0.5,0.3,0.8,.077,0.1,-0.5,-0.4,0.2
53,Bojan Bogdanović\bogdabo02,SF,31,UTA,46,1382,11.8,.565,.541,.263,1.8,11.2,6.7,9.1,0.8,0.1,10.2,20.4,,1.4,1.4,2.8,.096,-0.7,-1.1,-1.8,0.1
54,Bol Bol\bolbo01,PF,21,DEN,20,107,13.2,.653,.500,.194,0.0,16.9,8.5,7.8,0.9,5.5,18.7,19.7,,0.0,0.1,0.1,.060,-0.8,0.3,-0.5,0.0
55,Marques Bolden\boldema01,C,22,CLE,6,29,13.4,.537,.000,2.667,11.2,11.9,11.5,0.0,3.4,6.2,23.5,12.7,,0.0,0.0,0.0,.067,-3.4,0.6,-2.8,0.0
56,Jordan Bone\bonejo01,PG,23,ORL,14,196,8.9,.519,.593,.000,2.1,10.9,6.4,13.4,0.5,0.0,5.3,12.6,,0.1,0.1,0.2,.058,-2.6,-1.6,-4.2,-0.1
57,Isaac Bonga\bongais01,SF,21,WAS,29,345,4.6,.487,.593,.102,5.2,12.4,8.7,6.1,0.9,1.7,19.6,9.2,,-0.1,0.2,0.1,.010,-5.1,-1.2,-6.2,-0.4
58,Devin Booker\bookede01,SG,24,PHO,42,1425,18.8,.589,.310,.281,1.1,12.1,6.8,22.0,1.3,0.6,13.4,32.2,,1.5,1.6,3.1,.104,1.3,-0.9,0.3,0.8
59,Chris Boucher\bouchch01,C,28,TOR,47,1092,22.6,.648,.408,.358,8.6,22.0,15.0,6.5,1.0,8.5,6.4,20.5,,3.3,1.5,4.7,.208,3.1,0.3,3.4,1.5
60,Brian Bowen\bowenbr02,SF,22,IND,3,8,9.1,.615,.000,.500,0.0,14.1,7.0,0.0,0.0,0.0,0.0,13.2,,0.0,0.0,0.0,.100,-5.0,-2.3,-7.4,0.0
61,Avery Bradley\bradlav01,SG,30,HOU,11,226,10.3,.579,.583,.125,1.0,8.6,4.9,11.4,1.9,0.5,10.6,16.8,,0.1,0.2,0.3,.071,-3.0,-0.2,-3.2,-0.1
62,Tony Bradley\bradlto01,C,23,OKC,21,301,21.0,.699,.013,.167,15.4,24.1,19.9,8.8,1.1,3.8,10.7,13.3,,1.0,0.5,1.5,.236,1.8,1.0,2.8,0.4
63,Jarrell Brantley\brantja01,PF,24,UTA,15,43,18.8,.583,.556,.111,7.7,14.2,11.0,10.4,3.4,1.8,5.0,19.8,,0.1,0.1,0.2,.215,1.0,3.1,4.1,0.1
64,Ignas Brazdeikis\brazdig01,SF,22,NYK,4,7,11.3,.532,.000,2.000,15.3,15.3,15.3,17.7,0.0,0.0,34.7,18.1,,0.0,0.0,0.0,.032,-2.9,-1.9,-4.8,0.0
65,Mikal Bridges\bridgmi01,SF,24,PHO,46,1502,16.4,.649,.456,.211,4.4,12.1,8.4,10.0,1.4,2.4,7.8,15.2,,3.3,2.0,5.3,.170,2.1,0.9,3.1,1.9
66,Miles Bridges\bridgmi02,PF,22,CHO,46,1220,12.6,.609,.447,.168,5.2,18.2,11.7,10.6,1.1,2.6,16.3,15.3,,1.1,1.2,2.2,.088,-1.1,-0.2,-1.2,0.2
67,Malcolm Brogdon\brogdma01,PG,28,IND,43,1518,18.1,.569,.375,.162,2.5,12.5,7.4,26.4,1.4,0.6,10.3,25.7,,2.4,1.2,3.5,.111,3.0,-1.3,1.7,1.4
68,Dillon Brooks\brookdi01,SF,25,MEM,41,1197,11.1,.494,.378,.174,3.1,7.8,5.4,12.5,2.1,1.3,10.6,26.2,,-0.9,1.3,0.4,.016,-3.1,-1.4,-4.4,-0.7
69,Bruce Brown\brownbr01,PG,24,BRK,43,913,14.9,.594,.149,.268,8.6,14.7,11.8,9.7,1.6,1.1,10.2,16.0,,1.7,0.7,2.4,.126,-0.9,-0.4,-1.4,0.1
70,Jaylen Brown\brownja02,SG,24,BOS,43,1462,20.2,.582,.348,.235,3.5,15.0,9.2,18.6,1.7,1.4,11.7,30.2,,2.3,1.3,3.5,.115,3.6,-1.0,2.6,1.7
71,Moses Brown\brownmo01,C,21,OKC,17,310,21.5,.605,.000,.663,16.0,29.6,22.8,2.0,1.5,5.7,10.2,17.9,,0.6,0.6,1.2,.189,-0.2,-0.6,-0.9,0.1
72,Sterling Brown\brownst02,SG,25,HOU,44,1065,11.1,.580,.648,.084,3.4,17.8,10.3,8.9,1.6,1.0,10.5,13.3,,0.8,1.1,1.9,.084,-2.0,0.1,-1.9,0.0
73,Troy Brown Jr.\browntr01,SF,21,CHI,23,317,7.4,.491,.495,.186,3.6,17.5,10.5,9.3,0.9,1.1,13.9,16.0,,-0.2,0.2,0.0,.002,-3.7,-1.4,-5.1,-0.3
74,Jalen Brunson\brunsja01,PG,24,DAL,41,1024,16.8,.631,.346,.283,1.4,13.7,7.7,20.2,1.1,0.0,12.1,20.0,,2.2,0.6,2.8,.132,1.1,-1.1,-0.1,0.5
75,Thomas Bryant\bryanth01,C,23,WAS,10,271,18.8,.704,.231,.264,7.0,16.9,11.9,8.5,0.7,2.5,9.8,17.2,,0.7,0.2,0.9,.163,2.1,-1.7,0.4,0.2
76,Reggie Bullock\bullore01,SF,29,NYK,40,1105,9.3,.559,.659,.092,1.1,12.0,6.6,7.0,1.3,0.7,8.4,14.2,,0.6,1.3,1.9,.082,-2.0,0.4,-1.6,0.1
77,Trey Burke\burketr01,PG,28,DAL,44,664,13.4,.570,.494,.153,0.8,6.0,3.5,13.9,1.9,0.4,8.3,19.4,,0.7,0.4,1.2,.084,-0.6,-0.4,-1.0,0.2
78,Alec Burks\burksal01,SG,29,NYK,35,925,15.2,.565,.478,.247,2.1,16.2,9.2,13.2,1.5,1.1,8.2,20.9,,1.2,1.2,2.5,.129,0.8,0.3,1.1,0.7
79,Jimmy Butler\butleji01,SF,31,MIA,32,1074,26.1,.588,.133,.538,7.2,18.0,12.8,37.3,2.8,1.2,11.0,27.3,,3.7,1.8,5.4,.243,4.7,2.7,7.4,2.6
80,Bruno Caboclo\cabocbr01,PF,25,HOU,6,36,9.2,.475,.294,.118,8.5,33.9,20.6,4.8,0.0,4.9,18.3,25.9,,-0.1,0.1,-0.1,-0.073,-8.5,-2.1,-10.6,-0.1
81,Devontae Cacok\cacokde01,PF,24,LAL,9,45,18.4,.605,.000,.143,10.1,21.7,16.1,3.4,4.3,2.0,11.8,16.3,,0.0,0.1,0.2,.164,-0.7,2.6,1.9,0.0
82,Kentavious Caldwell-Pope\caldwke01,SG,27,LAL,43,1129,9.3,.569,.552,.221,1.9,8.2,5.1,7.7,1.5,0.9,11.9,13.9,,0.6,1.6,2.1,.090,-2.3,0.0,-2.3,-0.1
83,Facundo Campazzo\campafa01,PG,29,DEN,41,740,9.9,.527,.701,.246,1.4,7.2,4.3,18.6,2.8,1.2,17.4,13.3,,0.4,0.7,1.2,.077,-2.9,0.5,-2.5,-0.1
84,Vlatko Čančar\cancavl01,PF,23,DEN,25,148,8.9,.533,.545,.182,3.9,18.3,11.1,6.7,2.7,1.3,20.2,13.2,,-0.1,0.2,0.1,.042,-3.5,1.1,-2.4,0.0
85,Clint Capela\capelca01,C,26,ATL,41,1205,24.3,.592,.000,.287,18.3,34.1,26.3,4.8,1.2,6.3,9.3,20.1,,2.9,2.1,5.0,.197,2.5,0.0,2.4,1.4
86,Vernon Carey Jr.\careyve01,C,19,CHO,7,25,10.8,.512,.250,.500,8.6,30.6,19.6,5.3,0.0,4.0,17.0,10.1,,0.0,0.0,0.0,.065,-0.8,-1.2,-2.0,0.0
87,Jevon Carter\carteje01,PG,25,PHO,34,322,10.4,.495,.674,.021,1.1,12.1,6.8,15.4,2.0,2.0,5.9,14.1,,0.2,0.5,0.6,.096,-2.0,2.5,0.5,0.2
88,Wendell Carter Jr.\cartewe01,C,21,ORL,34,830,16.7,.589,.093,.463,10.0,24.8,17.6,12.2,1.1,2.8,14.3,18.8,,1.3,1.1,2.3,.136,-1.1,0.2,-0.9,0.2
89,Michael Carter-Williams\cartemi01,SG,29,ORL,26,684,8.9,.440,.205,.262,5.0,13.5,9.1,24.9,1.2,1.9,18.8,19.9,,-0.9,0.6,-0.3,-0.018,-4.7,-0.2,-4.9,-0.5
90,Alex Caruso\carusal01,PG,26,LAL,37,737,10.6,.516,.464,.263,3.4,13.3,8.5,16.3,2.8,1.0,17.0,14.2,,0.1,1.4,1.5,.095,-2.8,2.3,-0.5,0.3
91,Willie Cauley-Stein\caulewi01,C,27,DAL,35,599,14.7,.644,.063,.394,7.5,19.8,13.7,6.0,0.9,4.4,9.7,12.2,,1.2,0.7,1.8,.148,-1.8,0.7,-1.1,0.1
92,Chris Chiozza\chiozch01,PG,25,BRK,16,165,13.7,.458,.508,.206,2.1,8.4,5.4,37.3,1.8,2.1,13.8,21.0,,0.1,0.1,0.3,.073,0.1,-0.4,-0.3,0.1
93,Marquese Chriss\chrisma01,PF,23,GSW,2,27,11.9,.412,.357,.286,11.8,39.1,25.5,11.1,0.0,6.6,11.3,28.1,,-0.1,0.1,0.0,-0.035,-2.2,-1.0,-3.2,0.0
94,Gary Clark\clarkga01,SF,26,ORL,35,637,6.1,.439,.824,.076,5.2,13.3,9.1,6.4,0.9,1.0,11.2,10.3,,-0.2,0.5,0.3,.019,-3.8,-0.9,-4.8,-0.4
95,Brandon Clarke\clarkbr01,PF,24,MEM,39,1011,17.4,.570,.160,.221,6.1,17.4,11.6,9.4,2.0,3.1,5.2,17.4,,1.6,1.5,3.1,.147,0.5,1.0,1.5,0.9
96,Jordan Clarkson\clarkjo01,SG,28,UTA,46,1177,16.6,.550,.577,.115,3.5,12.7,8.3,13.9,1.6,0.5,10.0,29.1,,1.0,1.5,2.5,.102,1.9,-1.2,0.7,0.8
97,Nicolas Claxton\claxtni01,C,21,BRK,15,284,19.1,.602,.044,.363,7.9,18.0,13.2,6.0,1.7,7.0,7.0,17.4,,0.5,0.4,0.9,.154,0.2,1.1,1.3,0.2
98,Amir Coffey\coffeam01,SG,23,LAC,31,260,11.2,.620,.614,.243,2.6,8.9,5.8,7.7,1.3,0.0,12.4,15.1,,0.3,0.2,0.5,.085,-0.8,-0.7,-1.5,0.0
99,John Collins\collijo01,PF,23,ATL,47,1422,20.7,.630,.259,.252,7.7,20.2,14.0,7.7,0.9,3.0,7.7,22.4,,3.8,1.3,5.2,.175,2.5,-0.4,2.1,1.5
100,Mike Conley\conlemi01,PG,33,UTA,37,1089,18.8,.595,.524,.218,2.9,9.4,6.3,27.7,2.2,0.4,12.5,22.6,,2.8,1.4,4.3,.189,3.1,0.3,3.4,1.5
101,Pat Connaughton\connapa01,SG,28,MIL,43,983,12.4,.608,.678,.112,5.0,16.4,10.9,7.5,1.5,1.5,7.6,11.3,,1.6,1.1,2.7,.131,0.3,0.4,0.8,0.7
102,Quinn Cook\cookqu01,PG,27,CLE,23,157,12.9,.531,.382,.118,1.4,10.8,6.0,18.2,1.3,0.6,8.9,21.7,,0.1,0.1,0.2,.070,-1.2,-0.4,-1.5,0.0
103,Tyler Cook\cookty01,PF,23,DET,10,84,7.4,.495,.000,.313,9.2,20.3,14.6,6.4,1.2,0.0,21.6,12.1,,0.0,0.1,0.0,.017,-5.9,0.1,-5.8,-0.1
104,DeMarcus Cousins\couside01,C,30,HOU,25,506,15.1,.511,.552,.281,6.0,35.3,20.0,18.3,2.0,3.2,14.2,23.2,,-0.1,0.9,0.8,.077,-1.5,1.9,0.4,0.3
105,Robert Covington\covinro01,PF,30,POR,44,1425,11.8,.560,.713,.118,2.5,20.8,11.3,7.2,2.5,3.6,12.6,12.1,,0.8,1.3,2.1,.071,-1.5,1.3,-0.2,0.7
106,Torrey Craig\craigto01,SF,30,PHO,24,300,13.3,.537,.422,.072,8.9,15.6,12.4,10.4,1.9,2.7,8.5,13.5,,0.4,0.4,0.8,.131,-0.6,1.3,0.7,0.2
107,Jae Crowder\crowdja01,PF,30,PHO,43,1200,11.9,.566,.755,.134,2.0,17.6,10.0,10.0,1.5,1.1,9.1,15.9,,0.9,1.7,2.6,.103,0.1,0.7,0.8,0.9
108,Jarrett Culver\culveja01,SG,21,MIN,24,423,8.7,.465,.286,.272,7.8,16.7,12.0,5.8,1.6,1.6,12.7,18.7,,-0.4,0.3,-0.1,-0.016,-5.1,-2.0,-7.1,-0.5
109,Seth Curry\curryse01,SG,30,PHI,36,1054,12.5,.596,.479,.175,0.6,7.1,4.0,13.6,1.4,0.7,11.9,17.7,,1.2,1.1,2.3,.106,-0.4,-1.1,-1.5,0.1
110,Stephen Curry\curryst01,PG,32,GSW,40,1346,25.1,.639,.566,.268,1.5,15.2,8.4,32.7,1.9,0.2,11.7,32.6,,3.8,1.5,5.3,.189,7.3,0.2,7.5,3.2
111,Nate Darling\darlina01,SG,22,CHO,2,7,4.7,.375,1.000,.000,0.0,0.0,0.0,20.5,0.0,0.0,0.0,24.4,,0.0,0.0,0.0,-0.072,-1.9,-5.7,-7.6,0.0
112,Anthony Davis\davisan02,PF,27,LAL,23,755,24.6,.588,.151,.339,7.1,21.0,14.2,16.0,2.0,4.8,9.3,28.0,,1.5,1.7,3.2,.201,4.3,2.1,6.4,1.6
113,Ed Davis\davised01,C,31,MIN,19,264,12.1,.462,.000,.186,14.8,25.1,19.7,9.4,1.8,3.2,11.4,8.3,,0.3,0.3,0.6,.114,-3.8,0.4,-3.4,-0.1
114,Terence Davis\daviste02,SG,23,SAC,36,529,11.5,.545,.592,.103,1.8,13.4,7.4,11.9,1.8,1.3,12.1,21.6,,-0.1,0.4,0.3,.029,-1.6,-1.1,-2.7,-0.1
115,DeMar DeRozan\derozde01,PF,31,SAS,37,1251,21.8,.590,.113,.462,1.8,12.0,6.8,32.6,1.5,0.7,9.2,24.6,,3.6,1.1,4.8,.184,3.6,0.1,3.7,1.8
116,Mamadi Diakite\diakima01,PF,24,MIL,5,49,13.2,.438,.188,.000,8.8,20.8,15.0,10.5,0.0,7.2,0.0,13.7,,0.0,0.1,0.1,.109,-2.3,0.1,-2.2,0.0
117,Hamidou Diallo\diallha01,SG,22,DET,34,807,15.5,.544,.138,.453,5.1,18.0,11.5,16.0,1.9,1.5,12.0,22.9,,0.4,1.0,1.4,.085,-1.9,0.5,-1.4,0.1
118,Gorgui Dieng\dienggo01,C,31,MEM,22,371,19.3,.682,.444,.398,7.8,20.8,14.1,10.7,2.2,3.5,14.8,16.9,,0.9,0.6,1.5,.193,1.7,1.0,2.6,0.4
119,Spencer Dinwiddie\dinwisp01,SG,27,BRK,3,64,10.2,.536,.438,.375,0.0,21.7,11.4,17.6,1.5,1.4,21.2,16.1,,0.0,0.1,0.1,.045,-3.4,2.0,-1.4,0.0
120,Donte DiVincenzo\divindo01,SG,24,MIL,45,1228,13.1,.536,.541,.108,4.9,15.6,10.4,14.3,2.0,0.7,12.0,17.3,,1.0,1.4,2.4,.094,-0.2,0.1,-0.1,0.6
121,Luka Dončić\doncilu01,PG,21,DAL,40,1401,26.4,.593,.385,.348,2.5,22.6,12.7,45.7,1.4,1.7,14.9,35.8,,3.6,1.5,5.1,.176,6.7,0.8,7.5,3.4
122,Luguentz Dort\dortlu01,SG,21,OKC,41,1203,9.4,.509,.534,.231,2.4,9.9,6.1,8.0,1.4,1.1,10.3,20.4,,-0.7,1.1,0.4,.014,-3.3,-1.0,-4.3,-0.7
123,Damyean Dotson\dotsoda01,SG,26,CLE,35,658,8.9,.485,.520,.145,0.8,11.3,5.9,16.9,1.0,0.5,10.6,17.3,,-0.2,0.3,0.2,.013,-2.8,-1.2,-4.0,-0.3
124,Devon Dotson\dotsode01,PG,21,CHI,3,15,10.5,.500,.000,.000,7.5,7.2,7.4,0.0,3.2,0.0,0.0,11.4,,0.0,0.0,0.0,.082,-3.8,1.2,-2.7,0.0
125,Sekou Doumbouya\doumbse01,PF,20,DET,40,503,4.7,.428,.449,.192,3.9,14.7,9.2,6.7,1.5,0.4,13.3,17.0,,-0.8,0.4,-0.4,-0.039,-6.2,-2.1,-8.3,-0.8
126,PJ Dozier\doziepj01,SG,24,DEN,32,649,11.1,.520,.415,.230,4.1,16.7,10.4,10.5,1.2,2.4,10.6,16.6,,0.3,0.6,0.9,.066,-1.9,-0.8,-2.7,-0.1
127,Goran Dragić\dragigo01,PG,34,MIA,29,782,12.5,.552,.408,.240,1.3,12.1,6.9,28.7,1.1,0.8,18.2,24.8,,-0.1,0.8,0.7,.040,-1.7,-1.8,-3.5,-0.3
128,Andre Drummond\drumman01,C,27,CLE,25,722,20.8,.500,.021,.339,15.2,37.5,26.0,16.1,2.7,3.6,15.6,31.1,,-0.7,1.4,0.7,.048,-0.5,0.2,-0.3,0.3
129,Jared Dudley\dudleja01,PF,35,LAL,11,76,5.5,.429,.714,.000,6.0,21.5,13.9,8.0,0.6,1.2,22.2,5.2,,0.0,0.1,0.1,.083,-3.8,0.2,-3.6,0.0
130,Kevin Durant\duranke01,PF,32,BRK,19,679,25.4,.652,.315,.404,1.2,20.7,11.4,24.0,1.0,3.4,13.7,31.4,,2.0,0.7,2.7,.188,5.4,0.0,5.4,1.2
131,Anthony Edwards\edwaran01,SG,19,MIN,47,1436,11.2,.483,.416,.188,2.7,13.3,7.8,13.0,1.5,1.0,10.0,27.1,,-1.6,0.8,-0.9,-0.029,-2.4,-2.4,-4.8,-1.0
132,Carsen Edwards\edwarca01,SG,22,BOS,18,181,14.2,.581,.506,.117,1.2,10.6,5.9,7.5,1.4,0.5,3.6,20.0,,0.3,0.1,0.4,.107,-1.5,-1.2,-2.7,0.0
133,CJ Elleby\ellebcj01,SF,20,POR,14,117,9.0,.514,.618,.265,4.4,9.5,6.9,3.6,1.7,2.3,7.3,15.1,,0.0,0.0,0.1,.034,-4.1,-1.5,-5.6,-0.1
134,Henry Ellenson\ellenhe01,PF,24,TOR,2,38,12.8,.476,.643,.286,8.4,27.2,17.4,19.1,0.0,0.0,0.0,17.9,,0.1,0.0,0.1,.126,-3.1,1.0,-2.1,0.0
135,Wayne Ellington\ellinwa01,SG,33,DET,34,789,12.8,.635,.800,.115,1.1,7.7,4.3,9.6,0.9,0.8,8.1,17.1,,1.1,0.4,1.6,.095,1.6,-1.7,-0.1,0.4
136,Joel Embiid\embiijo01,C,26,PHI,31,1010,31.6,.650,.161,.634,7.5,30.4,19.3,17.5,1.7,3.7,12.2,34.3,,4.1,2.1,6.2,.294,7.0,1.7,8.6,2.7
137,James Ennis\ennisja01,SF,30,ORL,30,672,12.5,.611,.440,.325,5.1,13.9,9.4,8.9,1.6,0.8,12.9,14.0,,0.8,0.6,1.5,.104,-2.1,0.1,-2.0,0.0
138,Drew Eubanks\eubandr01,C,23,SAS,27,351,14.0,.555,.011,.421,5.6,22.0,13.7,9.5,0.8,6.9,16.3,16.7,,0.1,0.6,0.6,.084,-3.1,1.7,-1.4,0.1
139,Dante Exum\exumda01,SG,25,CLE,6,116,6.0,.428,.423,.077,1.9,14.8,8.2,15.7,1.7,1.6,20.7,12.7,,-0.1,0.1,0.0,-0.018,-4.8,1.7,-3.1,0.0
140,Tacko Fall\fallta01,C,25,BOS,12,82,21.4,.652,.000,.500,12.1,28.8,20.4,3.7,0.0,11.5,6.9,15.1,,0.2,0.1,0.3,.191,-0.2,1.4,1.2,0.1
141,Derrick Favors\favorde01,C,29,UTA,44,694,20.4,.668,.006,.392,14.9,21.6,18.4,7.6,1.6,5.0,11.8,13.6,,2.2,1.4,3.5,.245,0.5,1.9,2.4,0.8
142,Cristiano Felício\feliccr01,C,28,CHI,9,43,17.0,.714,.000,2.500,15.8,17.7,16.7,14.4,2.2,0.0,26.3,11.4,,0.1,0.0,0.2,.180,1.2,1.3,2.4,0.0
143,Terrance Ferguson\fergute01,SG,22,PHI,13,49,-7.0,.143,.714,.000,0.0,2.2,1.1,4.9,1.0,0.0,36.4,9.6,,-0.2,0.0,-0.2,-0.159,-12.1,-2.7,-14.8,-0.2
144,Bruno Fernando\fernabr01,C,22,ATL,23,169,6.8,.485,.071,.571,8.6,32.5,20.7,7.0,0.6,1.6,30.0,12.8,,-0.2,0.2,0.0,-0.002,-5.1,-0.5,-5.7,-0.2
145,Yogi Ferrell\ferreyo01,PG,27,CLE,2,40,12.6,.434,.429,.095,8.1,11.5,9.8,20.8,3.7,2.3,12.1,27.0,,-0.1,0.1,0.0,-0.025,-1.9,0.4,-1.5,0.0
146,Dorian Finney-Smith\finnedo01,PF,27,DAL,34,1062,10.3,.567,.636,.103,5.4,12.4,8.9,6.7,1.3,1.1,8.0,11.5,,1.2,0.8,1.9,.087,-1.1,-0.4,-1.5,0.1
147,Malachi Flynn\flynnma01,PG,22,TOR,22,218,3.1,.345,.551,.116,0.5,10.5,5.3,17.5,1.1,0.0,9.9,15.9,,-0.4,0.1,-0.3,-0.072,-6.9,-1.5,-8.4,-0.4
148,Bryn Forbes\forbebr01,SG,27,MIL,45,858,11.5,.611,.644,.103,1.0,6.0,3.6,4.4,0.5,0.0,7.0,18.2,,1.1,0.4,1.4,.081,0.1,-2.4,-2.3,-0.1
149,Trent Forrest\forretr01,PG,22,UTA,12,52,5.0,.405,.222,.222,0.0,11.7,6.1,24.0,1.9,0.0,33.6,12.3,,-0.1,0.1,0.0,-0.001,-6.8,1.2,-5.6,0.0
150,Evan Fournier\fournev01,SF,28,BOS,27,820,17.2,.590,.509,.325,0.6,9.4,4.9,19.8,1.7,1.3,11.3,25.7,,1.0,0.7,1.7,.102,1.4,-0.8,0.7,0.5
151,De'Aaron Fox\foxde01,PG,23,SAC,46,1600,20.8,.573,.299,.371,1.8,9.1,5.4,32.7,1.9,1.1,12.4,30.4,,3.1,0.3,3.5,.104,3.0,-1.5,1.5,1.4
152,Tim Frazier\fraziti01,PG,30,MEM,3,33,0.4,.250,.250,.000,0.0,13.4,6.5,25.8,1.4,0.0,27.3,14.0,,-0.1,0.0,-0.1,-0.111,-10.9,-2.6,-13.6,-0.1
153,Markelle Fultz\fultzma01,PG,22,ORL,8,215,12.0,.458,.154,.183,2.3,10.0,6.0,32.7,1.8,0.9,13.8,26.2,,-0.2,0.2,0.0,-0.008,-2.9,-1.7,-4.6,-0.1
154,Wenyen Gabriel\gabriwe01,PF,23,NOP,6,20,-5.4,.102,.250,.500,11.3,27.6,19.5,11.3,0.0,0.0,38.1,16.8,,-0.1,0.0,-0.1,-0.285,-11.0,-4.3,-15.3,-0.1
155,Daniel Gafford\gaffoda01,PF,22,WAS,33,411,20.1,.711,.000,.460,13.4,17.1,15.3,5.7,1.4,8.1,17.2,15.1,,0.9,0.7,1.6,.188,-0.2,1.8,1.6,0.4
156,Danilo Gallinari\gallida01,PF,32,ATL,35,818,15.3,.603,.565,.342,1.1,15.9,8.6,9.8,1.1,0.8,8.4,21.4,,1.6,0.6,2.1,.125,1.2,-1.0,0.2,0.4
157,Langston Galloway\gallola01,SG,29,PHO,34,377,12.6,.634,.587,.140,1.5,8.6,5.2,8.8,0.8,0.0,7.9,16.5,,0.6,0.3,0.9,.120,0.5,-0.8,-0.3,0.2
158,Darius Garland\garlada01,PG,21,CLE,38,1262,12.7,.530,.303,.164,1.5,6.4,3.9,28.4,1.7,0.2,16.1,24.4,,-0.1,0.7,0.5,.020,-0.6,-1.9,-2.6,-0.2
159,Marc Gasol\gasolma01,C,36,LAL,38,754,10.9,.559,.637,.288,3.9,17.7,11.0,12.9,1.2,5.4,18.0,11.6,,0.4,1.5,1.9,.122,-1.9,2.8,0.9,0.5
160,Rudy Gay\gayru01,PF,34,SAS,37,798,14.1,.520,.432,.164,3.8,20.7,12.1,10.4,1.7,2.3,9.4,23.3,,-0.2,1.1,0.9,.054,-0.5,-0.2,-0.7,0.3
161,Paul George\georgpa01,SF,30,LAC,36,1205,21.0,.607,.445,.224,2.9,17.7,10.5,25.7,1.7,1.2,14.6,28.7,,2.4,1.4,3.8,.152,4.6,-0.4,4.1,1.9
162,Taj Gibson\gibsota01,PF,35,NYK,20,384,12.6,.595,.200,.431,10.3,16.8,13.6,4.7,1.3,3.6,13.4,10.2,,0.5,0.6,1.1,.136,-2.3,1.0,-1.3,0.1
163,Harry Giles\gilesha01,C,22,POR,23,272,10.9,.473,.141,.281,10.3,34.9,22.1,10.4,0.9,3.3,19.1,14.1,,0.0,0.3,0.3,.047,-4.5,-0.7,-5.1,-0.2
164,Shai Gilgeous-Alexander\gilgesh01,SG,22,OKC,35,1180,21.9,.623,.301,.405,1.7,13.0,7.4,31.0,1.1,1.7,13.7,28.4,,2.7,1.1,3.8,.156,3.8,0.0,3.8,1.7
165,Anthony Gill\gillan01,PF,28,WAS,13,72,7.9,.436,.667,.333,4.4,23.7,13.9,6.8,1.9,2.4,17.9,9.7,,0.0,0.1,0.0,.027,-3.8,-0.3,-4.1,0.0
166,Rudy Gobert\goberru01,C,28,UTA,46,1414,23.9,.661,.008,.680,12.4,32.7,23.0,5.8,0.8,7.6,12.5,17.7,,3.9,3.3,7.3,.246,2.0,2.4,4.3,2.3
167,Brandon Goodwin\goodwbr01,PG,25,ATL,30,318,8.5,.447,.483,.203,1.8,8.1,5.0,20.2,1.7,0.0,11.1,19.7,,-0.2,0.2,0.0,.003,-3.2,-0.6,-3.8,-0.1
168,Aaron Gordon\gordoaa01,PF,25,DEN,27,781,15.0,.544,.379,.343,5.0,18.3,11.5,21.8,1.1,2.4,16.4,23.3,,0.1,0.8,0.9,.055,0.4,0.1,0.5,0.5
169,Eric Gordon\gordoer01,SG,32,HOU,27,789,14.6,.577,.572,.311,1.0,7.0,3.9,14.9,0.8,1.5,10.9,25.3,,0.6,0.4,1.0,.063,0.9,-1.5,-0.6,0.3
170,Devonte' Graham\grahade01,PG,25,CHO,36,1088,13.7,.546,.692,.224,1.5,8.0,4.7,24.6,1.5,0.2,10.5,20.2,,1.5,0.6,2.1,.093,0.9,-1.1,-0.2,0.5
171,Jerami Grant\grantje01,SF,26,DET,43,1508,16.8,.557,.368,.363,2.2,13.7,7.8,13.8,1.0,2.8,9.0,27.8,,1.5,1.3,2.8,.091,2.0,-1.1,0.9,1.1
172,Danny Green\greenda02,SF,33,PHI,47,1343,11.6,.581,.782,.068,3.1,10.5,6.9,7.8,2.2,2.6,11.9,14.1,,0.9,2.0,3.0,.106,0.0,1.1,1.0,1.0
173,Draymond Green\greendr01,PF,30,GSW,40,1201,11.8,.489,.350,.235,2.8,19.7,11.3,36.1,2.2,2.3,31.0,12.8,,0.3,1.8,2.1,.083,-2.5,2.6,0.2,0.7
174,JaMychal Green\greenja01,PF,30,DEN,35,664,14.9,.589,.531,.163,9.3,22.9,16.2,6.4,1.4,1.8,12.0,19.2,,0.9,0.7,1.6,.118,-0.1,-1.8,-1.8,0.0
175,Javonte Green\greenja02,SG,27,CHI,27,368,11.4,.600,.303,.395,6.6,10.9,8.8,4.3,2.7,1.0,15.2,12.3,,0.3,0.4,0.7,.087,-2.2,1.0,-1.2,0.1
176,Jeff Green\greenje02,C,34,BRK,43,1150,11.6,.623,.471,.281,2.3,12.9,7.9,6.7,1.0,1.1,9.3,13.8,,1.5,0.7,2.2,.092,-0.7,-1.0,-1.7,0.1
177,Josh Green\greenjo02,SG,20,DAL,23,253,6.6,.494,.288,.250,6.2,12.3,9.3,6.3,1.0,0.7,19.5,12.6,,-0.1,0.2,0.0,.002,-4.6,-0.9,-5.6,-0.2
178,Blake Griffin\griffbl01,PF,31,BRK,24,699,10.7,.509,.542,.304,1.6,17.8,9.6,18.2,1.2,0.4,11.4,19.2,,0.1,0.6,0.7,.045,-1.4,-0.6,-2.1,0.0
179,Kyle Guy\guyky01,PG,23,SAC,19,144,11.7,.497,.574,.185,2.3,14.0,8.1,17.4,1.3,0.0,4.9,18.3,,0.1,0.0,0.2,.055,-2.3,-1.4,-3.7,-0.1
180,Rui Hachimura\hachiru01,PF,22,WAS,39,1239,12.1,.561,.235,.284,2.8,17.0,9.8,7.2,1.1,0.2,8.8,18.3,,0.8,0.8,1.5,.060,-1.5,-1.4,-2.9,-0.3
181,Ashton Hagans\haganas01,PG,21,MIN,2,4,-12.5,,,,0.0,0.0,0.0,0.0,0.0,0.0,100.0,10.5,,0.0,0.0,0.0,-0.354,-13.8,-7.9,-21.7,0.0
182,Tyrese Haliburton\halibty01,PG,20,SAC,41,1237,17.0,.608,.504,.089,2.9,9.4,6.1,22.9,2.1,1.5,12.4,17.5,,2.5,0.4,2.8,.109,2.4,-0.6,1.8,1.2
183,Josh Hall\halljo01,SF,20,OKC,9,93,-1.3,.356,.448,.586,1.1,15.7,8.5,13.4,0.0,0.0,19.8,21.3,,-0.4,0.1,-0.3,-0.173,-10.2,-3.3,-13.6,-0.3
184,R.J. Hampton\hamptrj01,PG,19,ORL,27,264,8.6,.496,.288,.205,5.5,18.3,12.0,8.0,1.1,0.7,14.0,15.3,,-0.1,0.2,0.2,.030,-4.2,-0.9,-5.1,-0.2
185,Tim Hardaway Jr.\hardati02,SG,28,DAL,44,1287,15.7,.592,.579,.185,1.2,11.5,6.4,9.3,0.8,0.4,6.0,23.0,,2.0,0.7,2.7,.099,1.9,-1.7,0.2,0.7
186,James Harden\hardeja01,PG-SG,31,BRK,40,1527,24.7,.616,.454,.435,2.6,20.6,11.9,44.6,1.6,1.7,16.7,28.9,,5.1,1.6,6.7,.210,6.2,0.4,6.6,3.3
187,Maurice Harkless\harklma01,SF,27,SAC,13,150,6.1,.612,.727,.091,2.3,8.6,5.6,8.1,0.7,2.8,17.9,8.2,,0.0,0.1,0.2,.051,-2.8,-0.3,-3.1,0.0
188,Jared Harper\harpeja01,PG,23,NYK,3,7,-8.4,.532,.000,2.000,0.0,0.0,0.0,0.0,0.0,0.0,51.5,24.4,,-0.1,0.0,0.0,-0.327,-12.4,-6.8,-19.2,0.0
189,Montrezl Harrell\harremo01,C,27,LAL,47,1190,23.4,.661,.020,.404,11.5,18.3,15.0,7.1,1.4,2.7,8.9,21.7,,3.7,2.1,5.9,.237,2.8,0.4,3.2,1.5
190,Gary Harris\harriga01,SG,26,DEN,19,581,9.4,.544,.481,.192,2.6,6.6,4.6,7.1,1.5,0.7,7.6,13.8,,0.4,0.3,0.8,.062,-2.1,-1.5,-3.6,-0.2
191,Jalen Harris\harrija01,SG,22,TOR,4,14,6.9,.375,.500,.000,7.6,16.4,11.8,19.1,3.4,0.0,20.0,15.4,,0.0,0.0,0.0,-0.003,-5.4,1.3,-4.0,0.0
192,Joe Harris\harrijo01,SF,29,BRK,47,1442,14.3,.676,.660,.091,2.0,10.2,6.3,7.7,1.0,0.6,7.2,15.9,,3.0,0.6,3.6,.121,1.9,-1.5,0.4,0.9
193,Tobias Harris\harrito02,PF,28,PHI,42,1427,20.4,.605,.239,.222,3.6,20.2,12.1,17.2,1.3,2.1,10.1,23.8,,3.1,2.2,5.3,.177,3.1,0.7,3.8,2.1
194,Shaquille Harrison\harrish01,SG,27,UTA,17,56,6.5,.375,.100,.300,5.9,10.9,8.5,21.4,1.7,0.0,18.1,21.2,,-0.1,0.1,0.0,-0.033,-6.5,-1.3,-7.9,-0.1
195,Josh Hart\hartjo01,SF,25,NOP,46,1303,12.6,.568,.562,.249,4.5,26.1,15.4,10.3,1.4,0.9,10.9,13.6,,1.6,1.0,2.6,.095,-1.0,0.1,-0.9,0.3
196,Isaiah Hartenstein\harteis01,C,22,CLE,31,298,15.2,.520,.034,.432,16.1,21.6,18.8,10.0,1.8,6.9,17.4,18.6,,0.2,0.5,0.7,.107,-4.3,0.1,-4.1,-0.2
197,Jaxson Hayes\hayesja02,C,20,NOP,34,455,17.5,.753,.000,.515,9.2,19.4,14.4,5.4,1.2,3.5,15.3,13.4,,1.2,0.3,1.5,.163,-0.7,0.4,-0.2,0.2
198,Killian Hayes\hayeski01,PG,19,DET,7,148,-1.5,.334,.426,.043,0.7,5.4,3.0,24.2,0.7,0.0,26.2,19.2,,-0.6,0.0,-0.5,-0.175,-9.3,-4.2,-13.6,-0.4
199,Gordon Hayward\haywago01,SF,30,CHO,42,1448,17.6,.584,.311,.277,2.6,15.9,9.2,19.0,1.7,1.0,11.2,23.8,,2.2,1.4,3.6,.119,1.8,-0.5,1.4,1.2
200,Juan Hernangómez\hernaju01,PF,25,MIN,28,485,12.5,.553,.535,.280,5.7,22.5,13.7,4.8,1.2,0.3,7.4,16.5,,0.4,0.3,0.7,.068,-1.2,-1.9,-3.1,-0.1
201,Willy Hernangómez\hernawi01,C,26,NOP,25,396,19.2,.544,.056,.336,17.4,26.0,21.7,10.1,1.0,2.7,7.1,16.6,,0.9,0.3,1.3,.153,1.3,-2.1,-0.8,0.1
202,Tyler Herro\herroty01,SG,21,MIA,36,1150,11.9,.517,.418,.182,1.9,16.0,9.2,18.1,1.0,1.2,12.8,24.1,,-0.7,1.3,0.6,.026,-1.4,-1.3,-2.7,-0.2
203,Buddy Hield\hieldbu01,SG,28,SAC,47,1640,12.0,.559,.729,.111,1.3,13.4,7.3,12.5,1.1,0.8,10.4,20.4,,1.0,0.1,1.2,.034,0.3,-2.0,-1.6,0.2
204,George Hill\hillge01,PG,34,OKC,14,369,16.1,.630,.475,.208,2.3,5.9,4.1,18.1,1.6,0.5,8.4,16.9,,0.8,0.3,1.1,.141,0.9,-0.5,0.4,0.2
205,Solomon Hill\hillso01,PF,29,ATL,46,869,6.8,.518,.757,.127,2.9,9.7,6.4,5.8,1.8,0.7,12.4,10.9,,0.1,0.6,0.7,.036,-3.0,0.1,-2.9,-0.2
206,Nate Hinton\hintona01,SG,21,DAL,10,39,10.7,.439,.316,.316,0.0,8.3,4.2,15.3,5.0,2.4,15.6,29.2,,-0.1,0.1,-0.1,-0.081,-5.0,1.9,-3.1,0.0
207,Aaron Holiday\holidaa01,PG,24,IND,43,747,7.8,.469,.422,.157,1.2,6.5,3.8,13.1,1.7,0.6,9.4,19.6,,-0.6,0.5,-0.1,-0.007,-3.9,-1.2,-5.1,-0.6
208,Jrue Holiday\holidjr01,PG,30,MIL,35,1099,18.9,.586,.367,.148,4.0,10.6,7.4,22.8,2.7,1.5,12.1,20.9,,2.2,1.4,3.6,.158,2.1,0.9,3.0,1.4
209,Justin Holiday\holidju01,SG,31,IND,45,1439,11.3,.594,.727,.152,2.0,11.2,6.6,7.1,1.9,0.9,8.2,14.2,,1.3,1.3,2.5,.084,0.0,-0.2,-0.2,0.6
210,Richaun Holmes\holmeri01,C,27,SAC,43,1307,20.6,.679,.020,.281,9.5,23.6,16.4,8.4,1.1,4.6,10.4,16.6,,3.8,0.9,4.7,.172,0.8,0.0,0.8,0.9
211,Rodney Hood\hoodro01,SF,28,TOR,41,792,5.4,.452,.431,.079,2.5,8.2,5.2,8.0,1.3,0.6,12.9,14.0,,-0.6,0.1,-0.6,-0.035,-5.5,-1.8,-7.3,-1.1
212,Al Horford\horfoal01,C,34,OKC,28,782,17.6,.538,.422,.061,3.9,21.2,12.6,20.0,1.5,2.9,7.3,22.2,,0.7,1.1,1.8,.110,1.9,1.4,3.3,1.0
213,Talen Horton-Tucker\hortota01,SG,20,LAL,43,804,12.2,.520,.272,.219,2.4,13.1,7.9,18.1,2.1,2.2,14.9,21.0,,-0.2,1.4,1.3,.077,-3.0,1.3,-1.7,0.1
214,Danuel House\houseda01,SF,27,HOU,28,779,9.8,.529,.558,.226,2.3,13.5,7.7,10.7,1.1,1.5,9.5,15.0,,0.2,0.6,0.8,.052,-2.2,-0.2,-2.4,-0.1
215,Dwight Howard\howardw01,C,35,PHI,47,806,16.0,.591,.068,.662,17.2,34.1,25.9,6.1,1.2,4.7,23.5,18.5,,0.4,1.7,2.1,.127,-3.2,0.2,-3.1,-0.2
216,Markus Howard\howarma02,SG,21,DEN,22,76,-5.1,.287,.707,.049,0.0,10.4,5.2,13.5,1.3,0.0,12.5,27.6,,-0.5,0.0,-0.4,-0.258,-13.4,-5.3,-18.7,-0.3
217,Kevin Huerter\huertke01,SG,22,ATL,47,1462,11.6,.532,.549,.093,2.4,9.7,6.1,16.4,1.9,0.7,10.3,16.9,,1.1,1.0,2.1,.070,-0.9,0.0,-0.9,0.4
218,Elijah Hughes\hugheel01,SF,22,UTA,10,38,12.4,.557,.722,.222,0.0,16.0,8.3,15.6,1.3,2.1,20.2,27.9,,0.0,0.1,0.0,.017,-0.2,-0.2,-0.4,0.0
219,De'Andre Hunter\huntede01,SF,23,ATL,20,625,16.5,.625,.390,.336,2.9,14.8,8.9,10.4,1.4,1.4,9.5,19.6,,1.3,0.5,1.8,.136,1.5,0.2,1.7,0.6
220,Chandler Hutchison\hutchch01,SF,24,WAS,9,110,4.6,.484,.257,.143,2.9,26.5,14.9,7.2,0.4,0.0,21.2,18.1,,-0.2,0.1,-0.1,-0.058,-7.5,-1.6,-9.1,-0.2
221,Serge Ibaka\ibakase01,C,31,LAC,39,919,17.7,.582,.311,.130,8.5,23.1,15.9,10.8,0.5,4.4,10.7,19.8,,1.5,1.2,2.7,.139,1.0,-0.5,0.4,0.6
222,Andre Iguodala\iguodan01,SF,37,MIA,43,914,9.7,.520,.759,.178,3.4,15.9,9.9,13.8,2.4,2.3,18.6,11.3,,0.0,1.4,1.4,.073,-2.4,2.1,-0.3,0.4
223,Ersan İlyasova\ilyaser01,F,33,UTA,4,17,-5.8,.200,.800,.000,6.5,6.0,6.2,7.4,0.0,0.0,16.7,15.1,,-0.1,0.0,-0.1,-0.160,-13.9,-2.6,-16.5,-0.1
224,Joe Ingles\inglejo01,SF,33,UTA,42,1115,17.8,.730,.717,.165,1.8,12.4,7.3,23.1,1.2,0.6,15.5,15.7,,3.6,1.3,4.9,.212,3.9,1.2,5.1,2.0
225,Brandon Ingram\ingrabr01,SF,23,NOP,46,1583,20.1,.592,.346,.284,1.9,13.9,8.0,21.5,0.9,2.0,10.6,27.9,,3.7,0.6,4.3,.130,3.9,-1.5,2.4,1.7
226,Kyrie Irving\irvinky01,PG,28,BRK,32,1137,25.0,.622,.342,.197,3.7,11.4,7.7,26.9,1.7,1.4,9.3,30.5,,3.8,0.8,4.6,.194,5.8,-0.8,5.0,2.0
227,Wesley Iwundu\iwundwe01,SF,26,NOP,24,293,4.7,.414,.434,.264,2.3,14.3,8.4,4.3,1.5,1.0,9.2,9.9,,-0.2,0.2,0.0,.007,-5.7,0.4,-5.3,-0.2
228,Frank Jackson\jacksfr01,PG,22,DET,17,217,10.4,.584,.532,.241,2.5,10.5,6.4,8.8,1.1,0.0,14.7,20.6,,0.0,0.1,0.2,.035,-2.1,-1.4,-3.5,-0.1
229,Josh Jackson\jacksjo02,SG,23,DET,41,1008,12.0,.510,.369,.308,4.2,14.6,9.3,14.3,1.8,2.9,14.7,26.3,,-1.0,1.1,0.1,.005,-2.5,-0.6,-3.1,-0.3
230,Justin Jackson\jacksju01,SF,25,OKC,30,491,10.9,.532,.522,.181,2.6,11.3,6.9,14.3,1.3,0.4,12.9,20.0,,-0.1,0.4,0.3,.034,-2.1,-0.9,-2.9,-0.1
231,Reggie Jackson\jacksre01,SG,30,LAC,46,982,13.7,.572,.472,.150,1.7,11.9,6.9,19.7,1.3,0.3,11.5,19.5,,1.4,0.8,2.2,.108,-0.1,-0.7,-0.8,0.3
232,Justin James\jamesju01,SF,24,SAC,23,145,7.4,.486,.400,.300,2.3,6.2,4.2,10.6,1.0,0.6,9.9,14.8,,0.0,0.0,0.0,-0.016,-3.3,-2.6,-5.9,-0.1
233,LeBron James\jamesle01,PG,36,LAL,41,1388,24.7,.605,.352,.316,2.0,23.4,13.0,40.9,1.5,1.5,15.0,31.8,,3.1,2.6,5.7,.196,6.1,1.7,7.8,3.4
234,DaQuan Jeffries\jeffrda01,SG,23,SAC,17,229,7.3,.524,.491,.123,3.8,9.3,6.5,2.8,1.5,1.4,10.4,12.5,,0.0,0.0,0.0,.007,-3.9,-1.8,-5.7,-0.2
235,Ty Jerome\jeromty01,SG,23,OKC,14,365,13.3,.600,.622,.081,2.0,10.6,6.3,20.1,1.6,0.5,10.9,15.4,,0.5,0.3,0.9,.113,-0.5,0.5,0.0,0.2
236,Isaiah Joe\joeis01,SG,21,PHI,24,259,9.0,.510,.770,.057,2.6,8.2,5.5,7.8,1.3,1.3,5.3,15.5,,0.1,0.3,0.4,.079,-2.3,-1.0,-3.3,-0.1
237,Alize Johnson\johnsal02,F,24,BRK,1,33,35.1,.745,.067,.067,17.8,32.3,25.4,16.3,2.9,0.0,6.1,21.7,,0.2,0.1,0.2,.345,8.8,6.0,14.8,0.1
238,Cameron Johnson\johnsca02,PF,24,PHO,40,933,12.5,.582,.687,.117,2.6,12.6,7.7,7.9,1.2,1.3,8.0,17.2,,0.9,1.1,2.0,.102,0.6,-0.3,0.3,0.5
239,James Johnson\johnsja01,PF,33,DAL,29,504,12.3,.526,.414,.200,3.1,15.4,9.4,13.8,2.3,4.3,14.6,16.3,,0.0,0.7,0.7,.068,-2.1,2.2,0.1,0.3
240,Keldon Johnson\johnske04,SF,21,SAS,41,1186,14.7,.553,.249,.288,5.7,17.8,11.6,9.6,1.0,1.6,8.7,19.9,,1.1,1.2,2.3,.094,-0.6,-1.0,-1.5,0.1
241,Stanley Johnson\johnsst04,PF,24,TOR,41,578,7.9,.535,.660,.170,3.3,13.9,8.4,10.8,2.3,2.1,19.7,10.6,,0.0,0.6,0.6,.051,-3.6,1.2,-2.4,-0.1
242,Tyler Johnson\johnsty01,SG,28,BRK,28,466,8.8,.546,.703,.148,1.0,11.4,6.5,7.4,1.2,0.0,6.2,13.6,,0.3,0.2,0.6,.057,-2.3,-1.1,-3.5,-0.2
243,Nikola Jokić\jokicni01,C,25,DEN,47,1675,31.6,.649,.192,.258,9.4,25.8,17.7,39.5,2.2,1.7,12.8,29.1,,8.4,2.3,10.7,.307,9.3,2.5,11.9,5.8
244,Damian Jones\jonesda03,C,25,LAL,22,206,12.4,.754,.030,.697,8.3,15.3,11.9,3.1,0.5,5.2,20.3,11.6,,0.3,0.3,0.7,.156,-4.2,1.5,-2.7,0.0
245,Derrick Jones Jr.\jonesde02,SF,23,POR,42,1101,12.8,.590,.449,.293,6.4,11.3,8.7,4.8,1.4,3.7,8.5,12.4,,1.6,0.4,2.1,.090,-1.2,-0.2,-1.4,0.2
246,Mason Jones\jonesma05,SG,22,HOU,26,307,11.3,.546,.561,.500,1.3,17.0,8.8,19.5,0.9,0.3,16.8,23.2,,-0.1,0.2,0.1,.021,-1.7,-1.3,-3.0,-0.1
247,Tre Jones\jonestr01,PG,21,SAS,21,91,11.0,.542,.032,.161,5.7,4.7,5.2,15.9,1.1,0.0,17.4,19.3,,0.0,0.0,0.0,.025,-3.0,-2.9,-5.9,-0.1
248,Tyus Jones\jonesty01,PG,24,MEM,44,865,14.8,.500,.332,.091,1.8,10.6,6.1,28.5,2.7,0.5,10.7,16.9,,0.8,1.1,1.8,.102,-0.5,0.7,0.2,0.5
249,DeAndre Jordan\jordade01,C,32,BRK,45,1010,17.0,.742,.005,.322,10.7,25.1,18.3,10.1,0.7,4.8,23.0,12.9,,2.0,1.2,3.1,.148,-0.1,0.8,0.7,0.7
250,Cory Joseph\josepco01,PG,29,DET,47,1016,10.5,.541,.368,.221,2.9,9.3,6.1,15.3,2.0,0.8,14.4,14.7,,0.6,0.3,0.9,.042,-2.9,-0.5,-3.3,-0.4
251,Mfiondu Kabengele\kabenmf01,PF,23,LAC,23,94,1.5,.390,.563,.188,1.2,15.2,8.4,6.8,1.1,2.8,14.8,19.1,,-0.3,0.1,-0.2,-0.077,-9.2,-1.7,-10.9,-0.2
252,Frank Kaminsky\kaminfr01,C,27,PHO,32,483,16.0,.557,.368,.190,5.2,21.6,13.7,15.2,1.0,2.4,7.4,18.8,,0.7,0.7,1.4,.143,0.8,1.3,2.1,0.5
253,Enes Kanter\kanteen01,C,28,POR,46,1226,22.7,.637,.003,.291,16.9,30.9,23.6,7.2,1.0,2.4,10.9,17.5,,4.1,0.9,5.1,.198,1.8,-2.1,-0.3,0.5
254,Luke Kennard\kennalu01,SG,24,LAC,43,850,13.3,.628,.542,.069,1.5,13.7,7.7,12.3,0.8,0.8,10.1,16.4,,1.4,0.7,2.1,.117,0.7,-0.8,-0.1,0.4
255,Maxi Kleber\klebima01,PF,29,DAL,33,916,11.6,.641,.763,.167,3.8,17.9,11.0,6.3,0.8,2.8,8.3,10.5,,1.4,0.8,2.2,.118,-0.1,-0.1,-0.2,0.4
256,Nathan Knight\knighna01,PF,23,ATL,19,141,17.6,.588,.333,.625,12.6,16.0,14.4,4.2,1.4,3.7,14.0,21.9,,0.2,0.1,0.4,.129,0.2,-0.7,-0.5,0.1
257,Kevin Knox\knoxke01,SF,21,NYK,32,428,8.5,.533,.615,.123,2.3,11.0,6.6,5.8,1.1,1.4,10.5,15.7,,0.0,0.5,0.5,.055,-1.7,-0.5,-2.2,0.0
258,John Konchar\konchjo01,SG,24,MEM,22,326,13.2,.551,.352,.282,6.7,17.2,11.8,9.3,2.8,1.4,9.1,11.3,,0.4,0.5,0.9,.133,-1.5,1.1,-0.4,0.1
259,Furkan Korkmaz\korkmfu01,SG,23,PHI,36,694,11.3,.536,.611,.219,1.6,10.0,5.9,8.0,1.9,0.9,9.8,20.1,,0.1,0.9,1.0,.071,-1.3,-0.3,-1.6,0.1
260,Luke Kornet\kornelu01,PF,25,BOS,15,120,14.0,.547,.789,.132,3.7,18.3,11.1,8.5,0.8,5.8,6.9,15.4,,0.1,0.1,0.2,.092,1.9,1.1,3.0,0.2
261,Rodions Kurucs\kurucro01,SF-PF,22,HOU,16,91,2.1,.322,.708,.083,2.2,14.5,8.3,8.6,3.1,3.9,26.6,15.9,,-0.4,0.1,-0.2,-0.121,-8.8,1.8,-7.0,-0.1
262,Kyle Kuzma\kuzmaky01,SF,25,LAL,46,1262,13.0,.539,.498,.109,7.9,19.6,13.9,8.8,0.8,1.7,12.6,20.8,,0.2,2.0,2.2,.084,-0.2,-0.7,-0.9,0.3
263,Anthony Lamb\lamban01,SF,23,HOU,8,115,1.5,.288,.576,.121,10.6,14.5,12.5,2.3,0.4,0.8,7.9,14.0,,-0.3,0.1,-0.2,-0.076,-8.5,-2.9,-11.4,-0.2
264,Jeremy Lamb\lambje01,SG,28,IND,28,602,16.2,.601,.468,.282,3.7,14.4,9.0,10.7,1.7,2.0,6.5,18.6,,1.2,0.6,1.8,.144,1.3,0.2,1.5,0.5
265,Zach LaVine\lavinza01,SG,25,CHI,45,1577,21.5,.642,.418,.268,2.0,13.5,7.9,22.8,1.2,1.1,14.9,30.8,,3.3,1.4,4.6,.141,4.6,-1.1,3.6,2.2
266,Jake Layman\laymaja01,SF,26,MIN,33,531,11.7,.578,.425,.196,2.5,10.2,6.2,7.1,2.2,2.5,12.2,14.9,,0.2,0.4,0.6,.054,-2.5,0.1,-2.4,-0.1
267,Jalen Lecque\lecquja01,PG,20,IND,4,12,4.8,.242,.111,.333,18.4,28.1,23.2,21.2,0.0,0.0,0.0,37.1,,-0.1,0.0,-0.1,-0.233,-6.3,-6.8,-13.1,0.0
268,Damion Lee\leeda03,SG,28,GSW,46,863,12.0,.630,.735,.170,2.0,15.6,8.8,9.9,1.5,0.6,8.1,12.9,,1.2,0.9,2.1,.117,-0.6,0.4,-0.2,0.4
269,Saben Lee\leesa01,PG,21,DET,25,382,15.5,.565,.101,.569,3.1,9.3,6.1,29.3,2.1,1.6,13.9,18.1,,0.6,0.4,1.0,.122,-1.4,0.7,-0.7,0.1
270,Alex Len\lenal01,C,27,WAS,38,574,16.2,.670,.140,.473,6.2,18.9,12.5,8.6,0.8,6.4,15.4,15.6,,0.9,0.6,1.5,.127,-1.3,1.2,-0.1,0.3
271,Kawhi Leonard\leonaka01,SF,29,LAC,40,1380,26.9,.621,.274,.327,3.3,16.9,10.3,23.4,2.6,1.1,8.3,29.2,,5.2,1.9,7.0,.244,5.6,1.1,6.7,3.1
272,Meyers Leonard\leoname01,C,28,MIA,3,29,6.6,.635,1.000,.286,0.0,26.0,13.4,10.0,0.0,0.0,20.2,15.3,,0.0,0.0,0.0,.046,-3.5,-0.9,-4.4,0.0
273,Caris LeVert\leverca01,SG,26,IND,21,623,15.8,.498,.347,.165,2.8,13.5,8.2,26.4,2.0,0.8,9.6,27.6,,0.2,0.6,0.7,.056,-0.6,-0.8,-1.4,0.1
274,Kira Lewis Jr.\lewiski01,PG,19,NOP,31,460,12.9,.506,.362,.153,1.0,7.0,4.0,20.6,2.2,0.9,6.4,18.7,,0.5,0.2,0.7,.078,-2.0,-0.3,-2.2,0.0
275,Damian Lillard\lillada01,PG,30,POR,44,1591,26.3,.622,.540,.373,1.4,11.8,6.4,36.6,1.2,0.6,11.9,32.5,,6.7,0.2,6.9,.207,7.5,-1.9,5.6,3.1
276,Nassir Little\littlna01,PF,20,POR,29,404,12.7,.605,.542,.327,5.4,14.6,9.8,4.5,0.5,2.5,8.9,14.4,,0.7,0.1,0.7,.087,-0.5,-2.4,-2.9,-0.1
277,Kevon Looney\looneke01,C,24,GSW,36,553,14.0,.637,.092,.276,11.1,16.8,14.0,15.5,1.3,2.2,16.7,10.2,,1.2,0.7,1.9,.162,-1.1,1.0,-0.1,0.3
278,Brook Lopez\lopezbr01,C,32,MIL,46,1245,14.0,.585,.495,.212,5.9,13.5,9.8,3.4,1.1,4.6,9.4,16.5,,1.4,1.5,2.9,.114,-0.4,-0.2,-0.6,0.4
279,Robin Lopez\lopezro01,C,32,WAS,46,921,15.0,.632,.062,.367,11.8,10.7,11.2,5.9,0.6,2.6,13.8,15.7,,1.6,0.5,2.1,.111,-0.5,-1.7,-2.2,0.0
280,Kevin Love\loveke01,PF,32,CLE,4,58,8.9,.459,.545,.318,3.7,21.8,12.5,12.7,0.9,0.0,10.7,21.0,,0.0,0.0,0.0,-0.002,-2.3,-1.5,-3.8,0.0
281,Kyle Lowry\lowryky01,PG,34,TOR,39,1348,16.2,.589,.533,.265,2.6,15.2,8.7,32.1,1.4,0.8,16.4,21.6,,2.3,1.0,3.3,.117,1.6,-0.8,0.9,1.0
282,Timothé Luwawu-Cabarrot\luwawti01,SF,25,BRK,40,775,8.4,.509,.659,.124,2.7,11.0,7.1,8.4,1.7,0.6,10.8,17.1,,-0.1,0.5,0.4,.023,-2.9,-1.3,-4.2,-0.4
283,Trey Lyles\lylestr01,PF,25,SAS,23,358,11.4,.574,.444,.256,2.6,23.1,12.7,5.3,0.8,0.2,5.7,12.9,,0.3,0.4,0.7,.091,-1.2,-0.7,-1.9,0.0
284,Will Magnay\magnawi01,C,22,NOP,1,3,-35.8,.000,1.000,.000,0.0,0.0,0.0,0.0,0.0,0.0,50.0,28.4,,0.0,0.0,-0.1,-0.809,-30.7,-8.9,-39.6,0.0
285,Thon Maker\makerth01,C,23,CLE,8,76,18.9,.657,.111,.611,11.4,15.1,13.2,7.9,1.3,4.7,11.6,14.7,,0.2,0.1,0.3,.180,0.3,1.2,1.5,0.1
286,Théo Maledon\maledth01,PG,19,OKC,40,1079,8.1,.508,.555,.143,1.5,11.3,6.4,17.9,1.7,0.2,18.4,16.9,,-0.8,1.0,0.2,.010,-4.5,-0.4,-4.9,-0.8
287,Karim Mané\maneka01,PG,20,ORL,9,84,0.8,.327,.167,.333,1.2,16.6,8.7,6.1,0.0,2.2,17.9,8.6,,-0.1,0.1,-0.1,-0.041,-9.2,-0.8,-10.1,-0.2
288,Terance Mann\mannte01,SG,24,LAC,46,820,12.9,.573,.239,.294,5.6,18.3,12.0,11.0,1.1,1.1,10.2,14.8,,1.2,0.8,2.1,.122,-1.4,0.3,-1.1,0.2
289,Nico Mannion\mannini01,PG,19,GSW,17,243,10.2,.496,.549,.244,0.9,12.2,6.5,26.2,2.3,0.0,16.5,19.1,,-0.1,0.3,0.2,.041,-2.9,0.0,-2.9,-0.1
290,Boban Marjanović\marjabo01,C,32,DAL,22,185,20.3,.516,.056,.200,21.1,31.4,26.4,6.2,0.3,1.5,8.4,25.7,,0.3,0.2,0.5,.122,0.4,-3.9,-3.6,-0.1
291,Lauri Markkanen\markkla01,PF,23,CHI,25,739,16.0,.616,.540,.193,2.9,18.5,10.9,4.7,0.8,1.3,8.4,22.1,,1.0,0.7,1.7,.108,1.8,-1.5,0.3,0.4
292,Naji Marshall\marshna01,SF,23,NOP,7,23,-2.5,.218,.333,.333,0.0,9.6,4.9,10.3,0.0,4.3,12.7,14.6,,-0.1,0.0,-0.1,-0.168,-9.0,-2.2,-11.3,-0.1
293,Caleb Martin\martica02,SF,25,CHO,32,446,11.4,.493,.444,.245,4.8,13.5,9.1,10.5,2.8,1.6,11.2,18.1,,-0.1,0.5,0.4,.047,-2.2,-0.2,-2.4,0.0
294,Cody Martin\martico01,SF,25,CHO,34,474,11.9,.547,.306,.216,6.8,13.6,10.2,14.0,1.9,1.3,15.3,13.0,,0.4,0.4,0.8,.086,-1.4,0.2,-1.3,0.1
295,Kelan Martin\martike03,SF,25,IND,14,54,4.7,.411,.429,.095,2.0,22.9,12.4,2.5,2.7,1.6,15.5,20.7,,-0.2,0.1,-0.1,-0.089,-7.2,-0.7,-7.9,-0.1
296,Kenyon Martin Jr.\martike04,SF,20,HOU,19,363,14.2,.585,.220,.290,9.2,16.8,12.9,5.4,1.4,4.4,14.4,15.5,,0.3,0.4,0.8,.099,-2.4,0.4,-2.0,0.0
297,Frank Mason III\masonfr01,PG,26,ORL,4,79,7.6,.462,.208,.292,3.8,12.2,7.9,22.1,0.0,0.0,15.6,17.6,,0.0,0.0,0.0,-0.004,-6.1,-3.1,-9.2,-0.1
298,Garrison Mathews\mathega01,SG,24,WAS,40,731,11.3,.657,.805,.391,2.0,7.4,4.7,3.6,1.5,0.7,2.9,11.9,,1.4,0.4,1.8,.121,-0.8,-0.3,-1.1,0.2
299,Dakota Mathias\mathida01,SG,25,PHI,8,123,9.8,.474,.542,.125,0.9,5.2,3.1,15.0,0.4,2.1,1.9,17.9,,0.1,0.1,0.2,.064,-1.9,-1.7,-3.6,0.0
300,Wesley Matthews\matthwe02,SG,34,LAL,40,805,6.4,.517,.782,.127,1.7,6.8,4.3,6.6,1.3,1.4,9.4,10.4,,0.1,1.1,1.2,.073,-3.2,0.3,-2.9,-0.2
301,Tyrese Maxey\maxeyty01,SG,20,PHI,41,603,12.9,.516,.226,.118,1.7,10.4,6.2,16.1,1.2,0.9,7.8,22.5,,0.3,0.7,0.9,.074,-2.0,-1.0,-3.0,-0.1
302,Skylar Mays\mayssk01,SG,23,ATL,21,166,14.7,.538,.458,.339,6.0,7.8,6.9,17.5,1.8,0.0,8.1,19.3,,0.3,0.1,0.4,.115,0.7,-1.2,-0.5,0.1
303,Patrick McCaw\mccawpa01,SF,25,TOR,5,33,12.0,1.078,.000,3.000,3.2,6.9,5.0,15.3,2.9,0.0,0.0,3.0,,0.1,0.0,0.1,.208,-2.5,3.5,1.0,0.0
304,CJ McCollum\mccolcj01,SG,29,POR,21,689,22.6,.576,.528,.157,1.7,11.3,6.3,24.7,1.5,1.3,6.0,29.4,,2.0,0.2,2.1,.149,5.8,-1.9,3.9,1.0
305,T.J. McConnell\mccontj01,PG,28,IND,42,1058,16.2,.564,.089,.101,3.1,12.5,7.8,35.0,3.5,1.2,22.2,14.1,,1.3,1.4,2.8,.126,-0.3,2.1,1.8,1.0
306,Jaden McDaniels\mcdanja02,PF,20,MIN,40,849,9.4,.534,.518,.128,3.5,14.3,8.7,6.7,1.1,4.3,9.8,12.6,,0.2,0.6,0.8,.044,-3.3,0.0,-3.3,-0.3
307,Jalen McDaniels\mcdanja01,SF,23,CHO,21,234,7.2,.528,.373,.280,3.7,18.2,10.9,6.1,0.4,2.1,16.8,18.5,,-0.2,0.2,0.0,-0.003,-4.8,-2.1,-7.0,-0.3
308,Doug McDermott\mcderdo01,PF,29,IND,43,1076,15.4,.621,.445,.150,4.6,12.3,8.5,8.4,0.5,0.3,7.4,20.0,,1.9,0.6,2.5,.110,1.6,-1.9,-0.3,0.5
309,Sean McDermott\mcderse01,SF,24,MEM,10,138,8.3,.587,.643,.286,3.8,8.0,5.8,3.6,0.7,1.4,11.3,10.8,,0.1,0.1,0.2,.071,-2.4,-1.7,-4.1,-0.1
310,JaVale McGee\mcgeeja01,C,33,CLE,33,503,18.7,.554,.093,.256,11.6,26.5,18.8,11.4,1.6,7.2,15.8,24.5,,0.0,0.8,0.9,.083,-2.1,1.3,-0.8,0.2
311,Rodney McGruder\mcgruro01,SG,29,DET,16,194,16.2,.619,.343,.114,4.5,8.2,6.3,13.9,2.0,0.5,8.7,18.1,,0.3,0.2,0.5,.122,0.9,-0.2,0.7,0.1
312,Alfonzo McKinnie\mckinal01,SF,28,LAL,25,128,14.3,.608,.467,.178,8.0,15.3,11.7,2.3,0.8,0.0,4.0,17.2,,0.2,0.2,0.4,.155,0.1,-1.6,-1.5,0.0
313,Jordan McLaughlin\mclaujo01,PG,24,MIN,27,525,11.4,.435,.331,.079,2.7,10.5,6.4,32.7,2.6,0.6,16.1,14.9,,0.0,0.4,0.4,.035,-2.5,-0.3,-2.8,-0.1
314,Ben McLemore\mclembe01,SG,27,HOU,31,533,8.2,.496,.736,.145,2.1,11.5,6.6,8.0,1.8,0.5,10.7,21.0,,-0.6,0.5,-0.1,-0.009,-3.4,-1.2,-4.6,-0.4
315,Nicolò Melli\mellini01,PF,30,DAL,23,252,7.1,.371,.603,.111,6.3,20.2,13.3,12.0,1.9,0.4,9.6,12.4,,-0.1,0.2,0.1,.015,-4.5,0.6,-3.9,-0.1
316,De'Anthony Melton\meltode01,PG,22,MEM,32,635,17.9,.603,.494,.141,3.3,14.6,8.8,19.5,2.9,2.4,12.9,20.1,,0.9,1.0,1.9,.144,1.8,2.1,4.0,1.0
317,Sam Merrill\merrisa01,SG,24,MIL,20,148,13.1,.627,.651,.047,4.4,9.7,7.1,13.8,1.6,0.6,15.4,14.7,,0.2,0.1,0.4,.115,0.4,-0.6,-0.2,0.1
318,Chimezie Metu\metuch01,C,23,SAC,15,124,18.4,.615,.152,.217,10.6,19.9,15.2,9.4,1.2,6.0,15.2,20.5,,0.2,0.1,0.3,.103,-0.9,0.0,-0.9,0.0
319,Khris Middleton\middlkh01,SF,29,MIL,45,1505,18.6,.604,.334,.226,2.5,16.1,9.5,23.0,1.5,0.5,14.0,24.6,,3.0,1.6,4.5,.144,2.4,-0.6,1.8,1.4
320,Darius Miller\milleda01,SF,30,OKC,14,145,15.2,.686,.871,.290,0.7,12.9,6.9,15.5,3.0,2.4,14.6,12.3,,0.3,0.2,0.5,.159,0.4,2.6,3.0,0.2
321,Patty Mills\millspa02,PG,32,SAS,43,1108,13.9,.597,.681,.128,1.1,5.7,3.4,14.2,1.3,0.1,8.7,19.9,,1.4,0.7,2.1,.090,1.4,-1.7,-0.3,0.5
322,Paul Millsap\millspa01,PF,35,DEN,37,863,17.0,.607,.392,.281,7.3,16.8,12.1,10.1,2.1,2.8,10.0,16.7,,1.7,1.0,2.7,.152,1.1,0.0,1.1,0.7
323,Shake Milton\miltosh01,SG,24,PHI,39,957,14.2,.546,.285,.290,2.6,7.5,5.1,18.9,1.2,1.0,12.3,24.9,,0.7,1.0,1.7,.088,-1.4,-1.3,-2.7,-0.2
324,Donovan Mitchell\mitchdo01,SG,24,UTA,44,1478,20.9,.571,.429,.278,3.3,10.6,7.1,27.5,1.5,0.7,11.7,32.5,,3.4,1.8,5.1,.167,3.8,-0.6,3.2,2.0
325,Adam Mokoka\mokokad01,SG,22,CHI,9,47,6.4,.433,.533,.000,2.4,6.9,4.7,11.3,2.0,1.8,11.8,15.5,,-0.1,0.0,0.0,-0.006,-5.0,-0.6,-5.6,0.0
326,Malik Monk\monkma01,SG,22,CHO,31,673,15.3,.601,.514,.209,1.8,11.5,6.6,13.5,1.1,0.6,11.7,24.4,,0.7,0.4,1.1,.077,0.9,-2.0,-1.1,0.1
327,E'Twaun Moore\mooreet01,SG,31,PHO,24,348,8.8,.479,.284,.098,4.3,9.1,6.7,13.3,2.0,1.0,14.5,15.9,,-0.1,0.4,0.3,.042,-4.4,0.7,-3.7,-0.2
328,Ja Morant\moranja01,PG,21,MEM,36,1137,17.1,.521,.226,.371,3.1,8.5,5.7,35.6,1.3,0.6,13.5,28.1,,1.0,0.9,1.9,.079,1.5,-2.1,-0.6,0.4
329,Juwan Morgan\morgaju01,PF,23,UTA,19,84,7.3,.469,.647,.294,7.9,12.1,10.1,6.1,2.3,0.0,9.4,10.8,,0.0,0.1,0.1,.086,-4.1,1.3,-2.8,0.0
330,Marcus Morris\morrima03,PF,31,LAC,37,936,14.2,.596,.522,.143,3.1,13.7,8.5,6.3,0.9,0.9,7.1,20.0,,1.4,0.8,2.2,.111,0.8,-1.4,-0.6,0.3
331,Markieff Morris\morrima02,PF,31,LAL,41,766,9.9,.538,.587,.169,4.2,21.9,13.2,7.6,0.7,1.5,11.4,15.5,,0.2,1.2,1.4,.090,-2.2,0.0,-2.3,0.0
332,Monte Morris\morrimo01,PG,25,DEN,36,980,13.5,.563,.373,.206,0.8,8.2,4.5,16.7,1.3,1.0,7.0,16.0,,1.6,0.6,2.2,.108,0.0,-1.2,-1.2,0.2
333,Mychal Mulder\muldemy01,PG,26,GSW,39,393,9.6,.594,.863,.145,0.3,8.6,4.4,5.6,1.0,1.8,6.0,14.4,,0.2,0.3,0.5,.065,-1.6,-0.9,-2.5,0.0
334,Dejounte Murray\murrade01,PG,24,SAS,43,1352,16.6,.513,.207,.139,2.1,21.6,11.7,25.9,2.2,0.3,10.0,23.6,,0.5,1.8,2.3,.082,-0.3,0.9,0.5,0.9
335,Jamal Murray\murraja01,PG,23,DEN,45,1595,18.6,.596,.399,.189,2.5,10.0,6.3,20.6,1.8,0.7,11.2,24.8,,3.3,1.2,4.5,.135,2.8,-1.0,1.8,1.5
336,Mike Muscala\muscami01,C,29,OKC,35,645,14.9,.599,.689,.135,3.1,18.3,10.7,7.0,0.6,1.5,6.9,20.5,,0.8,0.6,1.4,.104,0.8,-1.2,-0.3,0.3
337,Sviatoslav Mykhailiuk\mykhasv01,SF,23,OKC,42,755,10.5,.528,.730,.109,1.9,11.2,6.4,13.9,2.1,0.7,14.1,19.3,,-0.3,0.7,0.4,.025,-1.6,-0.7,-2.3,-0.1
338,Abdel Nader\naderab01,SF,27,PHO,24,355,13.5,.605,.371,.319,2.3,16.8,9.8,7.5,1.4,2.3,12.6,19.0,,0.3,0.5,0.8,.106,-1.2,0.8,-0.4,0.2
339,Larry Nance Jr.\nancela02,PF,28,CLE,29,950,14.2,.575,.403,.174,5.7,18.7,12.0,14.1,2.7,1.6,14.8,13.6,,0.8,1.2,2.0,.101,-0.5,1.9,1.3,0.8
340,Aaron Nesmith\nesmiaa01,SF,21,BOS,25,375,6.0,.521,.729,.165,3.8,13.5,8.6,3.4,0.9,1.5,14.1,12.2,,-0.1,0.2,0.2,.023,-4.0,-0.9,-4.9,-0.3
341,Raul Neto\netora01,PG,28,WAS,40,819,12.4,.542,.375,.155,1.9,10.2,6.0,14.8,2.6,0.3,9.2,16.5,,0.5,0.7,1.2,.072,-1.9,0.4,-1.5,0.1
342,Georges Niang\niangge01,PF,27,UTA,46,628,9.7,.572,.717,.024,2.5,13.2,8.1,7.1,1.1,0.6,11.2,16.5,,0.4,0.7,1.1,.085,-1.6,0.1,-1.5,0.1
343,Zeke Nnaji\nnajize01,PF,20,DEN,31,325,11.9,.660,.561,.183,4.6,13.5,9.1,2.0,0.6,0.9,7.3,12.9,,0.6,0.2,0.7,.109,-0.3,-1.8,-2.1,0.0
344,Nerlens Noel\noelne01,C,26,NYK,41,933,14.7,.628,.014,.262,10.4,19.0,14.7,4.1,2.2,8.8,22.9,9.9,,0.7,2.1,2.8,.143,-2.7,3.2,0.5,0.6
345,Jaylen Nowell\nowelja01,SG,21,MIN,33,641,14.1,.558,.446,.165,2.9,10.2,6.4,12.8,1.4,1.3,7.0,21.5,,0.7,0.3,0.9,.070,-0.5,-1.4,-1.9,0.0
346,Frank Ntilikina\ntilila01,PG,22,NYK,17,250,6.7,.498,.578,.188,1.7,8.2,4.9,7.3,2.8,0.4,12.6,14.0,,-0.1,0.4,0.2,.046,-5.6,1.5,-4.2,-0.1
347,Kendrick Nunn\nunnke01,PG,25,MIA,38,1087,13.0,.566,.478,.099,1.7,10.2,6.1,15.0,1.8,0.9,11.4,21.0,,0.3,1.2,1.5,.067,-1.0,-0.1,-1.1,0.2
348,Jusuf Nurkić\nurkiju01,C,26,POR,14,318,16.1,.521,.138,.284,8.8,27.0,17.6,17.6,1.8,3.7,17.1,21.4,,0.1,0.3,0.4,.058,-2.5,-0.1,-2.6,0.0
349,David Nwaba\nwabada01,SF,28,HOU,30,679,14.6,.557,.289,.312,6.0,12.8,9.2,7.0,2.1,2.7,6.4,16.6,,0.7,0.8,1.5,.109,-1.3,1.0,-0.3,0.3
350,Jordan Nwora\nworajo01,SF,22,MIL,15,134,11.6,.548,.410,.279,2.4,19.1,11.0,4.1,2.1,2.0,17.0,25.8,,-0.2,0.2,0.0,.009,-3.4,-1.7,-5.1,-0.1
351,Royce O'Neale\onealro01,SF,27,UTA,46,1470,10.2,.623,.724,.125,4.3,17.3,11.1,10.0,1.3,1.2,16.6,9.5,,1.8,2.1,3.8,.125,-1.0,1.6,0.6,1.0
352,Semi Ojeleye\ojelese01,PF,26,BOS,40,765,8.6,.569,.718,.172,3.6,13.5,8.5,5.1,0.7,0.0,7.9,11.4,,0.7,0.3,1.1,.067,-1.1,-1.4,-2.5,-0.1
353,Jahlil Okafor\okafoja01,C,25,DET,12,120,15.5,.595,.071,.048,11.9,13.3,12.6,4.3,0.8,1.5,8.5,17.1,,0.2,0.1,0.3,.100,-0.6,-2.5,-3.1,0.0
354,Chuma Okeke\okekech01,PF,22,ORL,31,702,11.2,.550,.506,.122,3.9,13.3,8.4,12.2,1.8,1.5,12.2,12.1,,0.4,0.7,1.2,.080,-1.8,0.8,-1.0,0.2
355,Josh Okogie\okogijo01,SG,22,MIN,36,713,7.8,.473,.420,.376,4.7,9.3,6.9,8.0,2.2,1.8,12.4,12.3,,-0.1,0.5,0.4,.026,-4.8,0.1,-4.7,-0.5
356,Onyeka Okongwu\okongon01,C,20,ATL,25,221,13.1,.606,.021,.362,8.6,19.0,13.9,3.2,1.8,5.2,14.2,12.4,,0.2,0.3,0.5,.111,-3.7,0.9,-2.8,0.0
357,Isaac Okoro\okorois01,SG,20,CLE,42,1345,6.2,.493,.401,.241,3.0,6.7,4.8,7.9,1.6,1.3,15.8,12.7,,-0.7,0.8,0.1,.003,-5.0,-0.4,-5.4,-1.1
358,KZ Okpala\okpalkz01,PF,21,MIA,25,322,5.2,.488,.561,.091,5.4,11.7,8.6,4.8,0.9,2.6,14.9,11.2,,-0.2,0.3,0.2,.025,-6.0,-0.6,-6.6,-0.4
359,Victor Oladipo\oladivi01,SG,28,HOU,29,969,15.3,.516,.417,.225,1.0,15.8,8.1,23.8,1.9,1.1,10.5,28.9,,-0.3,1.0,0.7,.037,0.2,-0.7,-0.5,0.4
360,Kelly Olynyk\olynyke01,C,29,HOU,45,1216,12.9,.561,.633,.117,4.2,20.4,12.5,12.3,1.8,2.4,11.9,17.6,,0.5,1.9,2.4,.094,-1.4,0.9,-0.4,0.5
361,Miye Oni\onimi01,SG,23,UTA,32,261,8.0,.563,.875,.107,5.9,15.6,10.9,4.4,0.9,1.5,12.0,10.9,,0.2,0.3,0.6,.101,-2.6,0.9,-1.7,0.0
362,Cedi Osman\osmande01,SF,25,CLE,44,1102,10.1,.468,.572,.157,2.8,13.0,7.7,16.0,1.9,0.5,9.1,20.3,,-0.4,0.9,0.4,.019,-1.8,-0.8,-2.6,-0.2
363,Daniel Oturu\oturuda01,C,21,LAC,16,73,12.9,.525,.043,.174,12.5,18.1,15.4,11.6,0.7,3.6,16.8,18.0,,0.0,0.1,0.1,.080,-4.1,-1.5,-5.6,-0.1
364,Kelly Oubre Jr.\oubreke01,SF,25,GSW,45,1378,13.2,.523,.388,.236,5.1,15.5,10.3,6.8,1.6,2.2,7.5,21.9,,0.0,1.7,1.6,.057,-1.8,-0.5,-2.3,-0.1
365,Jabari Parker\parkeja01,PF,25,SAC,3,27,5.1,.571,.143,.000,4.1,20.8,12.3,4.9,0.0,3.1,30.0,15.9,,0.0,0.0,0.0,-0.077,-7.5,-1.3,-8.8,0.0
366,Eric Paschall\pascher01,PF,24,GSW,38,654,13.5,.559,.176,.306,4.4,14.7,9.6,11.8,0.8,0.8,10.8,23.6,,0.2,0.6,0.8,.058,-1.6,-1.5,-3.2,-0.2
367,Anžejs Pasečņiks\pasecan01,C,25,WAS,1,6,-40.6,.000,1.000,.000,17.4,0.0,8.8,19.2,0.0,0.0,83.3,41.5,,-0.1,0.0,-0.1,-1.120,-40.1,-7.1,-47.1,-0.1
368,Patrick Patterson\pattepa01,PF,31,LAC,20,265,12.0,.636,.694,.083,3.0,11.6,7.4,6.1,1.7,1.3,9.7,13.8,,0.4,0.3,0.6,.114,0.1,0.6,0.6,0.2
369,Justin Patton\pattoju01,C,23,HOU,13,247,11.7,.488,.486,.057,5.8,15.7,10.5,8.3,2.3,5.0,5.3,13.1,,0.1,0.4,0.5,.089,-3.8,1.7,-2.0,0.0
370,Chris Paul\paulch01,PG,35,PHO,45,1436,19.7,.581,.298,.216,1.4,14.5,8.2,38.7,2.2,0.7,14.7,22.3,,3.4,2.1,5.5,.183,2.3,1.3,3.6,2.0
371,Cameron Payne\payneca01,PG,26,PHO,35,592,15.2,.588,.452,.154,1.4,12.7,7.2,29.2,1.7,1.1,15.2,17.8,,1.0,0.8,1.8,.147,0.2,1.1,1.3,0.5
372,Elfrid Payton\paytoel01,PG,26,NYK,38,1032,12.4,.485,.161,.194,5.2,9.6,7.4,20.8,1.4,0.8,12.8,23.0,,-0.3,1.1,0.8,.038,-1.9,-0.9,-2.8,-0.2
373,Norvel Pelle\pelleno01,C,27,SAC,4,32,5.7,.461,.000,.500,14.4,13.3,14.0,3.5,0.0,8.1,23.5,17.3,,0.0,0.0,0.0,-0.014,-7.8,-0.5,-8.3,-0.1
374,Reggie Perry\perryre01,PF,20,BRK,15,175,11.0,.478,.267,.183,12.7,24.4,18.8,9.9,1.1,2.5,15.6,19.1,,0.0,0.2,0.2,.044,-4.1,-1.2,-5.2,-0.1
375,Theo Pinson\pinsoth01,SG,25,NYK,13,28,-9.0,.125,.875,.000,0.0,7.7,3.8,4.6,0.0,0.0,11.1,14.2,,-0.2,0.0,-0.1,-0.230,-12.9,-3.5,-16.4,-0.1
376,Mason Plumlee\plumlma01,C,30,DET,44,1210,17.9,.625,.023,.483,10.8,28.0,19.2,20.4,1.5,2.9,19.9,16.3,,2.1,1.7,3.8,.152,-0.4,1.7,1.3,1.0
377,Jakob Poeltl\poeltja01,C,25,SAS,44,1087,17.1,.605,.000,.296,13.0,20.6,16.7,9.9,1.1,5.8,16.7,13.5,,1.6,1.6,3.2,.143,-0.8,0.9,0.2,0.6
378,Vincent Poirier\poirivi01,C,27,PHI,10,39,1.6,.273,.083,.500,17.5,21.9,19.7,6.5,0.0,6.7,21.5,20.4,,-0.2,0.1,-0.1,-0.125,-11.4,-3.2,-14.6,-0.1
379,Aleksej Pokusevski\pokusal01,PF,19,OKC,27,611,5.9,.396,.541,.093,3.3,18.6,11.0,11.4,0.9,3.9,17.1,18.3,,-1.6,0.8,-0.8,-0.066,-5.6,-0.2,-5.9,-0.6
380,Jordan Poole\poolejo01,SG,21,GSW,26,447,16.9,.623,.567,.245,1.0,8.7,4.9,15.2,0.9,0.6,8.0,23.9,,0.8,0.3,1.1,.123,2.4,-1.2,1.2,0.4
381,Jontay Porter\portejo01,PF,21,MEM,2,10,26.7,.625,.500,.000,20.8,55.1,37.4,14.6,9.5,0.0,33.3,25.2,,0.0,0.0,0.0,.148,2.3,6.1,8.4,0.0
382,Kevin Porter Jr.\porteke02,SG,20,HOU,9,271,12.2,.496,.423,.177,0.7,9.8,5.1,32.1,1.6,1.6,16.2,26.3,,-0.3,0.2,-0.1,-0.013,-2.0,-1.7,-3.7,-0.1
383,Michael Porter Jr.\portemi01,SF,22,DEN,37,1103,19.7,.652,.474,.167,6.3,22.2,14.3,5.0,1.1,3.0,7.9,20.2,,2.6,1.2,3.8,.166,3.3,-1.1,2.2,1.1
384,Otto Porter\porteot01,SF,27,ORL,27,586,14.6,.560,.457,.183,5.4,22.4,14.0,13.3,1.1,0.6,9.6,19.1,,0.7,0.6,1.3,.107,0.1,-0.6,-0.5,0.2
385,Bobby Portis\portibo01,C,25,MIL,43,903,19.6,.614,.276,.103,9.1,24.5,17.0,7.3,1.7,1.7,8.1,19.5,,2.0,1.3,3.3,.174,2.1,-0.4,1.6,0.8
386,Kristaps Porziņģis\porzikr01,C,25,DAL,29,883,22.1,.584,.388,.200,7.0,24.9,16.1,8.7,0.7,4.9,6.8,27.3,,1.7,1.1,2.8,.151,2.8,-0.6,2.3,1.0
387,Dwight Powell\poweldw01,C,29,DAL,32,468,12.9,.597,.181,.702,8.4,16.8,12.7,7.4,1.8,2.0,12.8,13.4,,0.8,0.5,1.3,.133,-2.9,0.5,-2.3,0.0
388,Norman Powell\powelno01,SG,27,POR,44,1340,17.5,.647,.475,.303,1.6,9.5,5.4,9.7,1.8,0.7,11.0,24.0,,2.4,0.8,3.3,.117,1.6,-0.6,1.1,1.0
389,Taurean Prince\princta02,PF,26,CLE,30,638,10.8,.514,.484,.244,2.6,15.6,9.1,11.6,1.5,2.6,11.8,18.5,,0.0,0.6,0.6,.042,-1.8,-0.8,-2.5,-0.1
390,Payton Pritchard\pritcpa01,SG,23,BOS,41,808,11.8,.589,.549,.090,3.1,9.6,6.3,14.0,1.4,0.8,13.0,15.5,,1.0,0.5,1.5,.086,-0.9,-0.7,-1.6,0.1
391,Immanuel Quickley\quickim01,PG,21,NYK,42,842,17.3,.550,.514,.312,2.4,9.8,6.1,18.9,1.3,1.2,7.7,27.7,,1.4,0.9,2.4,.136,2.4,-0.7,1.7,0.8
392,Jahmi'us Ramsey\ramseja01,SG,19,SAC,5,17,15.3,.700,.600,.000,0.0,26.4,13.0,8.2,0.0,4.9,16.7,15.1,,0.0,0.0,0.0,.065,0.2,-1.4,-1.2,0.0
393,Chasson Randle\randlch01,PG,27,ORL,18,376,7.3,.549,.607,.190,0.5,9.4,4.8,16.1,0.8,0.5,17.3,12.7,,0.1,0.2,0.3,.035,-5.0,-0.8,-5.8,-0.4
394,Julius Randle\randlju01,PF,26,NYK,46,1704,20.0,.572,.275,.330,4.2,27.1,15.6,26.6,1.2,0.6,14.1,27.8,,2.4,2.7,5.1,.144,3.2,0.8,4.0,2.6
395,Cam Reddish\reddica01,SF,21,ATL,26,750,9.3,.488,.479,.312,3.3,11.8,7.6,6.7,2.2,1.1,10.2,19.2,,-0.3,0.6,0.4,.025,-3.2,-0.4,-3.6,-0.3
396,J.J. Redick\redicjj01,SG,36,NOP,31,576,11.2,.575,.654,.220,0.6,9.4,5.0,9.4,0.8,0.3,9.6,19.2,,0.6,0.1,0.7,.058,-1.0,-2.0,-3.0,-0.1
397,Paul Reed\reedpa01,PF,21,PHI,10,83,10.2,.432,.156,.031,13.7,11.6,12.6,5.2,2.3,5.3,15.6,19.7,,-0.1,0.2,0.0,.013,-6.3,-0.6,-6.9,-0.1
398,Naz Reid\reidna01,C,21,MIN,45,863,18.2,.595,.289,.286,5.9,19.8,12.6,9.9,1.5,4.9,10.5,22.6,,1.1,0.9,1.9,.108,-0.4,0.1,-0.3,0.4
399,Cameron Reynolds\reynoca01,G,25,SAS,2,4,19.3,1.000,.000,.000,0.0,0.0,0.0,0.0,0.0,0.0,0.0,10.9,,0.0,0.0,0.0,.183,-0.1,-0.4,-0.5,0.0
400,Nick Richards\richani01,PF,23,CHO,11,38,8.8,.600,.000,1.833,5.7,17.3,11.4,0.0,0.0,0.0,8.4,13.3,,0.1,0.0,0.1,.091,-4.2,-2.5,-6.6,0.0
401,Josh Richardson\richajo01,SG,27,DAL,36,1151,11.9,.556,.469,.215,3.1,8.7,6.0,12.4,1.5,1.1,11.8,18.0,,0.9,0.7,1.6,.068,-1.4,-0.7,-2.1,0.0
402,Austin Rivers\riverau01,SG,28,NYK,21,442,9.6,.545,.570,.104,1.2,10.2,5.7,14.0,1.4,0.0,13.5,16.3,,0.1,0.5,0.6,.062,-2.3,-0.7,-3.0,-0.1
403,Andre Roberson\roberan03,SG,29,BRK,5,63,4.2,.202,.571,.143,13.0,13.5,13.3,7.4,2.3,1.4,11.8,11.7,,-0.1,0.1,-0.1,-0.044,-5.1,-1.2,-6.2,-0.1
404,Duncan Robinson\robindu01,SF,26,MIA,47,1538,9.8,.611,.858,.119,0.3,12.0,6.4,7.8,0.8,0.7,10.1,15.8,,0.9,1.4,2.3,.071,-0.9,-0.9,-1.7,0.1
405,Glenn Robinson III\robingl02,SF,27,SAC,23,369,9.1,.554,.444,.232,3.3,10.4,6.8,6.9,0.5,0.7,9.2,13.9,,0.3,-0.1,0.2,.030,-1.9,-2.8,-4.6,-0.2
406,Jerome Robinson\robinje01,SG,23,WAS,16,296,4.6,.412,.446,.217,1.4,11.9,6.6,10.5,1.9,1.4,15.2,16.7,,-0.6,0.2,-0.3,-0.056,-6.3,-1.0,-7.3,-0.4
407,Mitchell Robinson\robinmi01,C,22,NYK,31,853,17.8,.642,.000,.301,14.2,17.5,15.9,3.0,2.0,5.2,11.5,11.6,,1.7,1.6,3.3,.187,-0.3,1.1,0.9,0.6
408,Isaiah Roby\robyis01,PF,22,OKC,40,930,13.9,.579,.244,.321,7.1,18.2,12.7,11.4,1.9,2.6,17.1,17.5,,0.5,1.3,1.8,.091,-2.6,0.7,-1.9,0.0
409,Rajon Rondo\rondora01,PG,34,ATL,27,402,9.9,.478,.409,.018,1.1,13.7,7.5,32.9,2.3,0.4,26.0,16.2,,-0.2,0.4,0.1,.017,-2.8,0.1,-2.7,-0.1
410,Derrick Rose\rosede01,PG,32,NYK,27,644,16.7,.518,.221,.237,1.2,8.7,4.9,30.8,2.4,1.8,12.4,27.5,,0.2,0.8,0.9,.070,0.7,-0.2,0.5,0.4
411,Terrence Ross\rosste01,SG,29,ORL,37,1091,13.4,.535,.452,.201,1.2,11.4,6.1,12.3,1.8,1.5,10.0,24.3,,0.0,1.1,1.1,.047,-1.0,-0.9,-1.9,0.0
412,Terry Rozier\roziete01,SG,26,CHO,44,1472,18.2,.617,.527,.203,1.7,11.3,6.5,16.6,1.8,1.0,10.1,23.8,,2.7,1.2,4.0,.129,3.0,-0.7,2.4,1.6
413,Ricky Rubio\rubiori01,PG,30,MIN,45,1187,13.0,.512,.384,.346,1.6,11.7,6.5,35.6,2.4,0.1,19.2,16.0,,1.0,0.8,1.7,.070,-2.4,-0.3,-2.7,-0.2
414,D'Angelo Russell\russeda01,PG,24,MIN,20,583,16.2,.544,.454,.196,1.6,8.3,4.8,29.1,1.8,1.4,13.2,29.4,,0.1,0.3,0.4,.034,2.3,-1.8,0.4,0.4
415,Domantas Sabonis\sabondo01,PF,24,IND,45,1626,20.1,.594,.178,.410,7.7,27.3,17.4,25.8,1.6,1.3,16.6,24.6,,2.8,2.1,4.9,.144,2.2,1.1,3.3,2.2
416,Luka Šamanić\samanlu01,PF,21,SAS,17,157,11.6,.575,.510,.347,5.9,19.2,12.4,3.6,1.2,1.7,15.0,18.5,,0.0,0.2,0.2,.051,-2.9,-1.4,-4.2,-0.1
417,JaKarr Sampson\sampsja02,PF,27,IND,16,99,10.5,.521,.152,.303,8.9,25.0,16.9,1.4,1.0,2.6,15.8,19.3,,-0.1,0.1,0.0,.024,-4.4,-1.6,-5.9,-0.1
418,Dario Šarić\saricda01,C,26,PHO,28,519,15.1,.586,.394,.252,5.8,19.5,12.8,10.2,1.4,0.5,13.9,24.1,,0.4,0.7,1.1,.102,-1.1,-0.6,-1.7,0.0
419,Tomáš Satoranský\satorto01,SG,29,CHI,34,769,14.5,.632,.353,.253,2.6,9.6,6.2,28.2,1.5,1.0,21.6,15.0,,1.3,0.6,2.0,.123,0.2,0.0,0.3,0.4
420,Dennis Schröder\schrode01,SG,27,LAL,43,1365,13.4,.546,.255,.384,1.8,10.4,6.2,22.6,1.8,0.6,16.2,23.0,,0.5,2.1,2.6,.092,-1.7,0.0,-1.7,0.1
421,Mike Scott\scottmi01,PF,32,PHI,28,496,6.3,.503,.815,.093,1.4,15.3,8.5,4.6,1.6,0.9,11.8,10.9,,-0.1,0.7,0.5,.051,-3.3,0.3,-2.9,-0.1
422,Collin Sexton\sextoco01,SG,22,CLE,40,1439,17.2,.568,.242,.309,2.3,6.6,4.4,21.1,1.6,0.3,11.5,28.7,,1.6,0.7,2.3,.078,1.5,-1.8,-0.3,0.6
423,Landry Shamet\shamela01,SG,23,BRK,39,785,9.5,.561,.751,.170,1.2,8.4,5.0,7.2,1.2,0.6,9.0,16.6,,0.4,0.3,0.8,.047,-1.7,-1.5,-3.3,-0.3
424,Iman Shumpert\shumpim01,SG,30,BRK,2,11,-0.3,.250,.750,.000,10.7,0.0,5.1,0.0,4.4,0.0,20.0,19.8,,-0.1,0.0,0.0,-0.212,-10.2,-2.7,-13.0,0.0
425,Pascal Siakam\siakapa01,PF,26,TOR,38,1339,17.6,.543,.260,.326,5.6,17.9,11.5,21.8,1.5,1.9,10.1,25.2,,1.9,1.2,3.1,.111,0.8,-0.3,0.5,0.9
426,Chris Silva\silvach01,PF,24,SAC,12,84,13.5,.777,.071,1.071,9.6,23.1,16.6,10.4,0.6,6.2,32.7,16.3,,0.1,0.1,0.2,.137,-5.0,1.0,-4.0,0.0
427,Ben Simmons\simmobe01,PG,24,PHI,39,1319,18.4,.592,.021,.489,5.9,19.1,12.7,32.2,2.1,1.7,21.5,21.3,,1.8,2.2,4.0,.145,0.9,1.7,2.6,1.5
428,Anfernee Simons\simonan01,SG,21,POR,39,656,12.3,.574,.708,.117,1.3,14.3,7.5,12.8,0.6,0.7,10.0,20.3,,0.7,0.0,0.8,.056,0.5,-2.3,-1.9,0.0
429,Deividas Sirvydis\sirvyde01,SG,20,DET,8,13,1.8,.340,1.000,.400,0.0,17.5,8.6,10.9,3.8,0.0,14.5,23.1,,-0.1,0.0,0.0,-0.142,-10.1,-1.2,-11.3,0.0
430,Alen Smailagić\smailal01,PF,20,GSW,4,15,-7.8,.317,.571,.286,0.0,0.0,0.0,0.0,0.0,0.0,0.0,22.4,,-0.1,0.0,-0.1,-0.218,-12.7,-5.3,-18.0,-0.1
431,Marcus Smart\smartma01,PG,26,BOS,28,896,14.1,.538,.537,.324,1.7,8.7,5.2,22.7,2.2,1.5,12.2,18.5,,1.2,0.7,1.9,.102,-0.3,-0.2,-0.5,0.4
432,Dennis Smith Jr.\smithde03,PG,23,DET,19,349,14.3,.485,.398,.125,3.4,12.7,8.0,29.7,2.8,3.6,14.6,19.8,,0.0,0.5,0.5,.069,-1.1,1.8,0.8,0.2
433,Ish Smith\smithis01,PG,32,WAS,19,391,10.5,.404,.172,.129,2.7,15.3,8.9,30.4,1.8,0.9,13.4,15.0,,-0.1,0.3,0.2,.021,-2.2,-0.3,-2.5,0.0
434,Jalen Smith\smithja04,PF,20,PHO,15,66,5.8,.426,.429,.143,8.7,16.5,12.7,4.0,0.0,2.7,11.8,17.1,,-0.1,0.1,0.0,-0.012,-4.3,-1.4,-5.7,-0.1
435,Tony Snell\snellto01,SG,29,ATL,34,688,9.8,.716,.683,.032,2.1,9.9,6.0,9.3,0.4,1.0,11.7,9.1,,1.1,0.2,1.4,.095,-0.1,-0.5,-0.6,0.3
436,Ray Spalding\spaldra01,C,23,HOU,2,19,0.9,.410,.250,.500,10.7,11.7,11.2,0.0,0.0,9.4,38.1,17.7,,-0.1,0.0,-0.1,-0.171,-8.9,-1.4,-10.4,0.0
437,Cassius Stanley\stanlca01,SG,21,IND,12,33,5.0,.378,.333,.333,13.4,13.6,13.5,0.0,0.0,5.1,5.5,23.8,,-0.1,0.0,0.0,-0.054,-8.1,-3.9,-12.0,-0.1
438,Lamar Stevens\stevela01,PF,23,CLE,32,435,11.0,.506,.185,.355,5.0,17.4,11.0,8.2,1.8,2.5,11.2,16.1,,0.0,0.5,0.5,.052,-3.7,0.3,-3.5,-0.2
439,Isaiah Stewart\stewais01,C,19,DET,44,840,15.9,.612,.090,.218,12.8,21.0,16.8,6.5,1.3,4.7,14.4,14.1,,1.2,1.1,2.3,.134,-1.6,0.4,-1.2,0.2
440,Max Strus\strusma01,SF,24,MIA,24,331,12.4,.620,.803,.131,1.0,7.2,4.2,5.8,0.7,0.0,3.0,18.0,,0.5,0.2,0.7,.100,0.6,-1.5,-0.8,0.1
441,Edmond Sumner\sumneed01,SG,25,IND,32,395,12.0,.616,.380,.287,3.4,9.4,6.4,6.1,1.9,0.6,14.2,18.5,,0.2,0.3,0.6,.069,-2.3,-0.5,-2.8,-0.1
442,Jae'Sean Tate\tateja01,SF,25,HOU,46,1317,13.9,.591,.301,.235,7.0,13.5,10.1,9.8,1.9,1.8,11.2,15.1,,1.7,1.4,3.1,.112,-1.7,0.5,-1.2,0.3
443,Jayson Tatum\tatumja01,SF,22,BOS,41,1462,20.6,.560,.355,.222,2.3,19.2,10.7,20.4,1.8,1.2,9.7,30.2,,2.4,1.4,3.8,.124,3.9,-0.4,3.5,2.0
444,Jeff Teague\teaguje01,PG,32,BOS,34,616,11.5,.542,.298,.324,1.8,8.6,5.2,16.1,2.1,1.1,15.4,17.7,,0.3,0.5,0.8,.060,-2.4,-0.2,-2.5,-0.1
445,Garrett Temple\templga01,SG,34,CHI,37,1002,9.1,.536,.519,.144,2.4,10.0,6.2,9.5,1.6,1.5,11.4,13.5,,0.3,0.9,1.2,.059,-3.0,-0.1,-3.1,-0.3
446,Tyrell Terry\terryty01,PG,20,DAL,11,56,6.0,.318,.438,.188,0.0,11.5,5.9,14.1,4.4,0.0,10.4,15.3,,-0.1,0.1,-0.1,-0.055,-7.7,2.2,-5.5,-0.1
447,Daniel Theis\theisda01,C,28,CHI,43,1049,15.3,.624,.328,.232,5.8,17.9,11.8,9.4,1.2,4.0,11.5,15.0,,1.8,1.1,2.9,.132,-0.5,0.7,0.2,0.6
448,Brodric Thomas\thomabr01,SG,24,CLE,12,141,9.0,.459,.535,.488,1.5,10.5,5.9,12.0,2.4,3.2,11.8,18.2,,-0.1,0.2,0.1,.020,-4.3,1.0,-3.3,0.0
449,Matt Thomas\thomama02,SG,26,UTA,28,208,7.7,.527,.667,.101,2.1,11.9,6.8,7.5,0.7,0.0,11.1,16.8,,0.0,0.1,0.0,.009,-2.8,-2.2,-5.0,-0.2
450,Tristan Thompson\thomptr01,PF,29,BOS,36,811,15.6,.554,.013,.359,15.4,26.2,20.8,6.2,0.8,1.5,11.9,15.6,,1.3,0.8,2.0,.121,-0.6,-1.6,-2.3,-0.1
451,Sindarius Thornwell\thornsi01,SG,26,NOP,14,73,4.6,.388,.429,.095,1.5,6.1,3.8,6.9,3.3,1.3,15.5,15.1,,-0.2,0.1,-0.1,-0.066,-6.1,0.1,-5.9,-0.1
452,Matisse Thybulle\thybuma01,SG,23,PHI,44,844,10.2,.512,.615,.090,3.1,7.5,5.3,6.6,3.8,4.3,9.5,9.0,,0.3,1.7,2.0,.112,-2.5,4.3,1.8,0.8
453,Killian Tillie\tilliki02,C,22,MEM,5,37,4.9,.306,.600,.200,8.4,8.9,8.7,3.4,2.6,7.6,5.8,19.7,,-0.1,0.1,0.0,-0.056,-6.2,-1.0,-7.2,0.0
454,Xavier Tillman Sr.\tillmxa01,PF,22,MEM,34,631,13.7,.569,.211,.171,7.1,16.8,11.8,10.5,2.1,2.7,12.5,14.3,,0.6,0.9,1.5,.115,-1.9,0.9,-1.0,0.2
455,Obi Toppin\toppiob01,PF,22,NYK,37,435,10.8,.542,.382,.130,3.9,16.5,10.2,6.2,1.1,2.5,12.1,15.9,,0.0,0.6,0.6,.071,-2.7,0.0,-2.7,-0.1
456,Juan Toscano-Anderson\toscaju01,SG,27,GSW,32,592,12.1,.659,.417,.157,3.2,19.4,11.4,16.1,1.7,2.2,20.7,11.2,,0.6,0.8,1.4,.117,-1.8,1.8,-0.1,0.3
457,Axel Toupane\toupaax01,G-F,28,MIL,4,39,3.4,.286,.143,.000,0.0,10.5,5.4,5.9,0.0,6.8,0.0,7.5,,0.0,0.0,0.0,-0.001,-7.6,0.0,-7.5,-0.1
458,Karl-Anthony Towns\townska01,C,25,MIN,27,913,23.2,.614,.339,.311,8.4,25.6,16.6,21.9,1.1,3.9,14.5,28.5,,1.8,0.9,2.7,.142,3.9,0.7,4.6,1.5
459,Gary Trent Jr.\trentga02,SG,22,TOR,44,1359,12.1,.541,.575,.138,1.7,6.6,4.0,6.9,1.4,0.4,5.1,19.9,,1.2,0.0,1.2,.043,-0.5,-2.2,-2.7,-0.2
460,P.J. Tucker\tuckepj01,PF,35,MIL,35,1003,5.5,.496,.667,.170,3.7,13.0,8.1,6.1,1.4,1.8,18.5,7.6,,-0.2,0.9,0.7,.035,-5.0,0.3,-4.7,-0.7
461,Rayjon Tucker\tuckera01,F,23,PHI,3,9,44.1,1.236,1.000,6.000,0.0,23.7,12.2,14.8,0.0,0.0,0.0,17.2,,0.1,0.0,0.1,.757,9.6,6.4,16.0,0.0
462,Myles Turner\turnemy01,C,24,IND,42,1304,16.0,.598,.477,.323,4.8,18.4,11.6,4.6,1.4,9.6,11.5,16.6,,1.1,2.2,3.3,.122,-1.1,1.9,0.8,0.9
463,Jonas Valančiūnas\valanjo01,C,28,MEM,39,1076,22.2,.603,.080,.302,15.1,34.1,24.3,9.7,1.0,2.4,12.4,23.2,,2.3,1.7,3.9,.176,1.8,-0.9,0.9,0.8
464,Denzel Valentine\valende01,SG,27,CHI,40,725,10.7,.480,.586,.031,2.8,20.1,11.6,12.3,1.6,0.1,6.9,18.8,,-0.1,0.8,0.7,.044,-1.8,-0.7,-2.6,-0.1
465,Jarred Vanderbilt\vandeja01,PF,21,MIN,44,785,15.4,.614,.025,.454,9.1,24.1,16.3,10.4,2.6,3.2,18.4,12.8,,0.9,1.0,1.9,.114,-2.2,1.1,-1.1,0.2
466,Fred VanVleet\vanvlfr01,SG,26,TOR,42,1544,17.1,.545,.545,.236,1.9,11.4,6.5,26.3,2.2,1.9,9.7,24.0,,2.2,1.4,3.6,.112,2.4,-0.1,2.2,1.7
467,Devin Vassell\vassede01,SF,20,SAS,37,633,11.9,.553,.515,.182,2.8,16.3,9.4,7.8,2.5,1.5,7.8,13.3,,0.4,0.9,1.3,.099,-1.9,1.6,-0.3,0.3
468,Gabe Vincent\vincega01,PG,24,MIA,32,476,8.0,.499,.633,.119,1.7,7.2,4.6,15.7,1.7,0.4,12.7,20.1,,-0.3,0.5,0.1,.013,-4.2,-0.8,-5.0,-0.4
469,Noah Vonleh\vonleno01,PF,25,BRK,4,11,-19.0,.000,.667,.000,0.0,9.7,5.1,10.2,0.0,0.0,40.0,19.8,,-0.1,0.0,-0.1,-0.489,-20.9,-8.9,-29.9,-0.1
470,Nikola Vučević\vucevni01,C,30,CHI,46,1558,23.7,.568,.316,.122,5.8,30.6,17.9,22.0,1.3,1.7,7.9,29.7,,2.7,2.1,4.8,.148,5.5,0.2,5.7,3.0
471,Dean Wade\wadede01,PF,24,CLE,39,558,11.8,.575,.655,.138,3.9,16.5,10.0,9.7,1.1,2.1,8.3,13.0,,0.6,0.4,1.1,.092,-0.7,0.2,-0.4,0.2
472,Moritz Wagner\wagnemo01,C,23,BOS,28,396,14.7,.602,.349,.419,3.7,18.1,10.9,12.1,2.6,1.7,13.6,18.6,,0.4,0.5,0.9,.111,-1.7,0.7,-0.9,0.1
473,Kemba Walker\walkeke02,PG,30,BOS,28,862,16.2,.534,.515,.204,1.0,11.7,6.3,22.6,1.9,1.0,11.5,26.9,,0.7,0.7,1.4,.078,1.6,-0.8,0.8,0.6
474,Lonnie Walker\walkelo01,SG,22,SAS,37,968,10.1,.526,.459,.119,1.0,10.4,5.6,9.2,1.0,1.2,8.6,20.0,,-0.3,0.8,0.5,.024,-2.2,-1.4,-3.7,-0.4
475,John Wall\walljo01,PG,30,HOU,32,1018,15.6,.499,.340,.295,1.5,10.1,5.6,36.8,1.5,2.2,14.3,31.6,,-0.7,0.9,0.2,.008,1.3,-1.7,-0.4,0.4
476,Brad Wanamaker\wanambr01,PG,31,CHO,40,629,8.4,.468,.353,.324,1.4,9.7,5.6,20.9,1.9,0.8,16.1,16.0,,-0.3,0.7,0.4,.028,-4.8,0.2,-4.5,-0.4
477,T.J. Warren\warretj01,SF,27,IND,4,117,11.8,.560,.137,.196,1.9,11.5,6.7,6.7,0.8,0.0,6.7,21.9,,0.1,0.1,0.1,.049,-3.0,-2.5,-5.5,-0.1
478,P.J. Washington\washipj01,PF,22,CHO,42,1250,12.9,.550,.371,.266,5.4,18.8,12.1,13.3,1.6,4.2,17.3,18.6,,0.2,1.5,1.7,.065,-1.8,0.5,-1.3,0.2
479,Yuta Watanabe\watanyu01,SF,26,TOR,28,316,10.1,.463,.507,.145,7.7,22.9,15.0,5.5,1.7,4.5,9.8,11.1,,0.1,0.4,0.5,.070,-2.5,0.2,-2.3,0.0
480,Tremont Waters\watertr01,PG,23,BOS,12,100,11.8,.478,.484,.258,2.2,6.7,4.5,40.6,2.9,0.0,27.4,20.5,,0.0,0.1,0.1,.024,-0.4,-0.8,-1.2,0.0
481,Paul Watson\watsopa01,SF,26,TOR,24,234,8.7,.634,.800,.073,1.4,15.7,8.2,6.6,1.0,0.9,9.6,11.6,,0.2,0.2,0.4,.076,-2.3,-0.8,-3.0,-0.1
482,Quinndary Weatherspoon\weathqu01,SG,24,SAS,11,49,-4.6,.276,.200,.200,0.0,6.6,3.2,10.0,4.0,1.8,42.4,16.8,,-0.3,0.1,-0.2,-0.222,-14.2,-1.1,-15.3,-0.2
483,Russell Westbrook\westbru01,PG,32,WAS,39,1366,18.0,.500,.226,.342,4.8,26.4,15.5,47.8,1.7,1.0,18.5,31.7,,-0.6,1.6,0.9,.032,1.7,0.0,1.7,1.3
484,Coby White\whiteco01,PG,20,CHI,44,1388,11.5,.524,.475,.145,1.7,14.1,8.0,20.9,0.8,0.4,13.5,22.5,,0.1,1.0,1.1,.040,-1.5,-1.8,-3.4,-0.5
485,Derrick White\whitede01,SG,26,SAS,20,556,12.9,.534,.543,.238,0.7,9.3,4.9,17.0,1.2,3.3,10.2,21.5,,0.2,0.6,0.7,.063,-0.5,0.0,-0.6,0.2
486,Hassan Whiteside\whiteha01,C,31,SAC,28,416,19.9,.560,.006,.364,12.9,32.4,22.5,5.8,0.7,7.8,13.8,24.0,,0.2,0.5,0.7,.078,-1.6,-0.2,-1.8,0.0
487,Greg Whittington\whittgr01,PF,27,DEN,4,12,-10.2,.000,.667,.000,0.0,0.0,0.0,0.0,0.0,0.0,0.0,10.9,,-0.1,0.0,-0.1,-0.264,-11.4,-6.1,-17.5,0.0
488,Andrew Wiggins\wiggian01,PF,25,GSW,47,1519,14.7,.569,.353,.245,3.4,12.1,7.8,10.8,1.3,2.6,10.8,23.6,,0.5,1.6,2.1,.066,-0.2,-0.7,-0.9,0.4
489,Grant Williams\willigr01,PF,22,BOS,39,736,8.6,.565,.526,.234,5.7,13.1,9.4,7.1,1.5,2.0,16.7,11.9,,0.3,0.6,0.9,.060,-3.4,-0.1,-3.4,-0.3
490,Kenrich Williams\willike04,PF,26,OKC,46,912,14.7,.636,.284,.152,6.5,14.6,10.6,14.7,1.7,0.9,14.8,14.5,,1.4,1.0,2.4,.124,-0.8,1.0,0.2,0.5
491,Lou Williams\willilo02,PG,34,LAC,42,918,15.9,.529,.277,.277,1.9,8.8,5.4,23.1,2.1,0.4,12.0,26.4,,0.7,0.9,1.6,.084,-0.5,-1.4,-1.9,0.0
492,Patrick Williams\willipa01,PF,19,CHI,44,1245,9.9,.551,.276,.219,3.6,15.4,9.6,6.1,1.2,2.2,14.2,15.5,,0.0,1.3,1.2,.048,-3.0,-0.5,-3.5,-0.5
493,Robert Williams\williro04,C,23,BOS,40,721,26.5,.716,.005,.312,15.3,26.3,20.8,12.7,2.4,9.7,15.7,15.2,,2.4,1.4,3.9,.258,3.0,3.3,6.3,1.5
494,Zion Williamson\willizi01,PF,20,NOP,44,1444,27.9,.662,.032,.524,9.0,15.0,12.0,18.5,1.4,2.0,11.4,29.2,,5.8,0.8,6.6,.219,5.6,-0.3,5.2,2.6
495,D.J. Wilson\wilsodj01,PF,24,HOU,19,196,10.9,.541,.573,.107,4.8,22.2,13.5,6.0,0.5,4.1,12.3,19.3,,0.0,0.2,0.2,.052,-3.3,-0.7,-4.0,-0.1
496,Dylan Windler\windldy01,SF,24,CLE,31,513,10.9,.567,.592,.208,4.2,19.5,11.6,9.3,1.8,2.1,18.4,14.7,,0.0,0.6,0.6,.053,-1.8,0.1,-1.7,0.0
497,Justise Winslow\winslju01,SF,24,MEM,16,337,4.9,.372,.281,.110,4.0,20.9,12.2,11.3,1.7,1.9,14.0,22.2,,-1.1,0.5,-0.6,-0.091,-7.2,-0.2,-7.4,-0.5
498,Cassius Winston\winstca01,PG,22,WAS,11,68,12.2,.583,.667,.111,0.0,11.0,5.4,19.2,1.4,1.2,5.0,12.1,,0.1,0.0,0.2,.116,-0.5,0.0,-0.5,0.0
499,James Wiseman\wisemja01,C,19,GSW,33,713,13.6,.558,.105,.258,6.9,22.0,14.5,4.5,0.7,4.2,12.7,24.0,,-0.3,1.0,0.7,.045,-4.0,-1.2,-5.2,-0.6
500,Christian Wood\woodch01,C,25,HOU,23,714,22.9,.623,.291,.274,5.6,28.9,16.7,7.9,1.3,4.0,9.4,26.1,,1.1,1.1,2.2,.147,2.9,0.1,3.0,0.9
501,Robert Woodard\woodaro01,SF,21,SAC,9,23,18.0,.484,.308,.615,14.3,29.3,21.7,0.0,0.0,3.6,5.7,32.6,,0.0,0.0,0.0,-0.011,0.2,-5.6,-5.4,0.0
502,Delon Wright\wrighde01,SG,28,SAC,38,1098,16.2,.558,.304,.318,3.7,13.9,8.7,25.9,2.6,1.5,12.8,15.5,,1.7,1.3,3.0,.130,0.8,1.7,2.5,1.2
503,Thaddeus Young\youngth01,PF,32,CHI,41,1020,20.7,.602,.065,.140,11.0,17.3,14.2,26.8,2.5,2.1,17.2,20.8,,2.0,1.4,3.4,.159,1.8,1.8,3.6,1.4
504,Trae Young\youngtr01,PG,22,ATL,45,1548,22.7,.590,.379,.504,2.3,10.3,6.4,45.6,1.2,0.6,16.5,32.5,,4.4,0.8,5.2,.162,5.5,-1.6,3.9,2.3
505,Cody Zeller\zelleco01,C,28,CHO,27,582,17.4,.550,.108,.314,13.0,22.9,17.9,14.6,1.5,1.9,10.2,18.1,,1.1,0.7,1.8,.146,-0.1,0.0,-0.1,0.3
