Rk,Player,Pos,Age,Tm,G,GS,MP,FG,FGA,FG%,3P,3PA,3P%,2P,2PA,2P%,eFG%,FT,FTA,FT%,ORB,DRB,TRB,AST,STL,BLK,TOV,PF,PTS
1,Precious Achiuwa\achiupr01,PF,21,MIA,45,2,12.8,2.2,3.8,.561,0.0,0.0,,2.2,3.8,.561,.561,1.0,2.1,.500,1.2,2.4,3.6,0.5,0.3,0.5,0.8,1.6,5.4
2,Jaylen Adams\adamsja01,PG,24,MIL,7,0,2.6,0.1,1.1,.125,0.0,0.3,.000,0.1,0.9,.167,.125,0.0,0.0,,0.0,0.4,0.4,0.3,0.0,0.0,0.0,0.1,0.3
3,Steven Adams\adamsst01,C,27,NOP,43,43,28.1,3.4,5.4,.631,0.0,0.1,.000,3.4,5.3,.639,.631,1.0,2.3,.455,3.9,5.0,8.9,1.9,0.9,0.7,1.5,2.0,7.9
4,Bam Adebayo\adebaba01,C,23,MIA,41,41,33.8,7.3,12.9,.565,0.0,0.2,.286,7.2,12.7,.569,.567,4.7,5.7,.836,2.4,7.2,9.6,5.3,0.9,1.2,2.7,2.2,19.4
5,LaMarcus Aldridge\aldrila01,C,35,SAS,21,18,25.9,5.5,11.8,.464,1.3,3.6,.360,4.2,8.2,.509,.518,1.5,1.8,.838,0.8,3.7,4.5,1.7,0.4,0.9,1.0,1.7,13.7
6,Ty-Shon Alexander\alexaty01,SG,22,PHO,4,0,2.5,0.0,1.0,.000,0.0,0.5,.000,0.0,0.5,.000,.000,0.0,0.0,,0.0,0.3,0.3,0.3,0.0,0.0,0.0,0.3,0.0
7,Nickeil Alexander-Walker\alexani01,SG,22,NOP,38,8,20.1,3.7,8.8,.419,1.6,4.5,.345,2.1,4.3,.497,.507,0.9,1.1,.767,0.3,2.7,3.0,2.0,0.9,0.4,1.3,1.9,9.8
8,Grayson Allen\allengr01,SG,25,MEM,32,20,24.2,3.2,7.6,.418,2.0,5.0,.406,1.2,2.6,.440,.551,1.4,1.6,.902,0.4,2.9,3.3,2.1,1.0,0.2,0.9,1.3,9.8
9,Jarrett Allen\allenja01,C,22,TOT,44,26,28.7,4.8,7.5,.633,0.1,0.3,.417,4.6,7.2,.642,.641,3.5,4.9,.704,3.0,6.9,9.9,1.7,0.5,1.7,1.5,1.6,13.1
9,Jarrett Allen\allenja01,C,22,BRK,12,5,26.7,3.7,5.4,.677,0.0,0.0,,3.7,5.4,.677,.677,3.8,5.1,.754,3.2,7.3,10.4,1.7,0.6,1.6,1.8,1.8,11.2
9,Jarrett Allen\allenja01,C,22,CLE,32,21,29.4,5.2,8.3,.623,0.2,0.4,.417,5.0,7.9,.632,.632,3.3,4.8,.684,3.0,6.7,9.7,1.7,0.4,1.7,1.3,1.5,13.8
10,Al-Farouq Aminu\aminual01,PF,30,TOT,18,14,21.1,2.0,5.0,.400,0.4,1.8,.219,1.6,3.2,.500,.439,0.9,1.1,.842,1.1,4.2,5.3,1.6,0.9,0.5,1.5,1.3,5.3
10,Al-Farouq Aminu\aminual01,PF,30,ORL,17,14,21.6,2.1,5.2,.404,0.4,1.8,.226,1.7,3.4,.500,.444,0.8,1.0,.824,1.2,4.2,5.4,1.7,1.0,0.5,1.5,1.3,5.5
10,Al-Farouq Aminu\aminual01,F,30,CHI,1,0,12.0,0.0,1.0,.000,0.0,1.0,.000,0.0,0.0,,.000,2.0,2.0,1.000,0.0,5.0,5.0,0.0,0.0,0.0,2.0,2.0,2.0
11,Kyle Anderson\anderky01,PF,27,MEM,42,42,27.1,4.6,9.6,.478,1.3,3.7,.359,3.3,5.9,.552,.547,1.9,2.5,.757,0.7,4.9,5.6,3.4,1.2,0.7,1.4,1.6,12.4
12,Giannis Antetokounmpo\antetgi01,PF,26,MIL,43,43,34.0,10.3,18.5,.556,1.2,3.8,.303,9.1,14.7,.622,.587,6.7,9.9,.679,1.8,9.6,11.4,6.3,1.2,1.3,3.6,2.9,28.4
13,Kostas Antetokounmpo\antetko01,PF,23,LAL,6,0,4.3,0.3,0.7,.500,0.0,0.0,,0.3,0.7,.500,.500,0.3,0.7,.500,0.3,1.3,1.7,0.0,0.3,0.5,1.0,0.5,1.0
14,Thanasis Antetokounmpo\antetth01,SF,28,MIL,34,1,9.9,1.4,2.4,.566,0.2,0.5,.333,1.2,1.9,.631,.602,0.3,0.7,.458,1.0,1.3,2.3,0.8,0.4,0.2,0.7,1.3,3.3
15,Carmelo Anthony\anthoca01,PF,36,POR,45,3,26.0,4.9,11.8,.417,1.8,4.6,.383,3.2,7.2,.439,.492,2.2,2.6,.863,0.6,2.7,3.3,1.7,0.8,0.7,1.0,2.2,13.9
16,Cole Anthony\anthoco01,PG,20,ORL,25,17,26.7,4.0,10.8,.375,1.1,3.3,.325,3.0,7.4,.398,.426,1.8,2.2,.836,0.8,3.6,4.4,3.8,0.7,0.4,2.0,2.0,11.0
17,OG Anunoby\anunoog01,SF,23,TOR,29,29,33.4,5.3,10.9,.484,2.3,5.7,.406,3.0,5.2,.570,.590,1.8,2.4,.754,1.5,4.4,5.9,1.8,1.7,0.8,1.8,2.8,14.7
18,Ryan Arcidiacono\arcidry01,PG,26,CHI,28,0,11.2,1.1,2.9,.390,0.6,1.8,.327,0.6,1.2,.485,.488,0.4,0.6,.750,0.1,1.5,1.6,1.3,0.3,0.0,0.3,1.1,3.3
19,Trevor Ariza\arizatr01,F,35,MIA,6,3,22.8,2.2,7.2,.302,0.8,3.8,.217,1.3,3.3,.400,.360,1.0,1.2,.857,0.7,4.0,4.7,1.7,0.7,0.8,0.5,1.2,6.2
20,D.J. Augustin\augusdj01,PG,33,TOT,43,6,19.5,2.1,5.5,.390,1.3,3.5,.375,0.8,2.0,.417,.511,1.1,1.2,.923,0.3,1.1,1.5,3.2,0.6,0.0,1.0,0.9,6.7
20,D.J. Augustin\augusdj01,PG,33,MIL,37,6,19.3,1.9,5.2,.370,1.3,3.5,.380,0.6,1.7,.349,.497,1.0,1.1,.900,0.3,1.1,1.4,3.0,0.5,0.0,0.9,0.9,6.1
20,D.J. Augustin\augusdj01,G,33,HOU,6,0,21.0,3.5,7.3,.477,1.3,3.8,.348,2.2,3.5,.619,.568,2.0,2.0,1.000,0.7,1.7,2.3,4.3,0.7,0.0,1.8,1.2,10.3
21,Deni Avdija\avdijde01,SF,20,WAS,41,19,22.1,2.4,5.4,.439,1.0,3.0,.336,1.4,2.5,.564,.531,0.4,0.6,.654,0.4,4.2,4.6,1.2,0.6,0.2,0.7,2.6,6.2
22,Deandre Ayton\aytonde01,C,22,PHO,45,45,30.6,6.4,10.4,.610,0.1,0.4,.235,6.3,10.0,.624,.614,2.0,2.6,.767,3.4,7.6,11.0,1.5,0.4,1.1,1.6,3.1,14.8
23,Udoka Azubuike\azubuud01,C,21,UTA,12,0,4.1,0.3,0.6,.571,0.0,0.0,,0.3,0.6,.571,.571,0.3,0.5,.667,0.3,0.8,1.1,0.0,0.1,0.3,0.3,0.7,1.0
24,Dwayne Bacon\bacondw01,SG,25,ORL,46,28,25.3,3.8,9.5,.401,1.0,3.1,.333,2.8,6.4,.434,.455,1.8,2.1,.845,0.3,2.7,3.0,1.2,0.5,0.1,0.7,1.6,10.4
25,Marvin Bagley III\baglema01,PF,21,SAC,37,37,25.7,5.6,11.2,.502,0.9,2.6,.354,4.7,8.6,.547,.543,1.6,2.9,.560,2.5,5.0,7.4,0.9,0.5,0.5,1.3,2.4,13.9
26,LaMelo Ball\ballla01,PG,19,CHO,41,21,28.6,5.8,12.8,.451,2.0,5.3,.375,3.8,7.6,.503,.528,2.4,3.0,.789,1.3,4.5,5.9,6.1,1.6,0.3,2.8,2.8,15.9
27,Lonzo Ball\balllo01,PG,23,NOP,38,38,31.7,5.2,12.1,.425,3.0,7.8,.385,2.2,4.3,.497,.549,0.9,1.1,.767,0.6,3.6,4.2,5.6,1.3,0.6,2.0,2.0,14.2
28,Mo Bamba\bambamo01,C,22,ORL,24,0,11.0,2.1,4.5,.468,0.5,1.7,.268,1.7,2.8,.588,.518,0.4,0.8,.556,1.1,2.9,4.0,0.4,0.1,1.0,0.4,1.5,5.1
29,Desmond Bane\banede01,SG,22,MEM,40,10,22.4,3.6,7.3,.486,1.8,3.8,.458,1.8,3.5,.518,.606,0.6,0.8,.833,0.4,2.5,2.9,1.3,0.7,0.2,1.0,1.9,9.5
30,Harrison Barnes\barneha02,PF,28,SAC,44,44,35.9,5.3,10.9,.488,1.5,4.1,.363,3.8,6.8,.564,.556,3.6,4.3,.826,1.0,5.5,6.5,3.6,0.7,0.2,1.5,1.3,15.7
31,RJ Barrett\barrerj01,SG,20,NYK,47,47,34.1,6.6,14.9,.443,1.2,3.5,.333,5.4,11.4,.478,.483,3.0,4.1,.731,1.1,5.0,6.1,3.1,0.7,0.2,2.0,2.6,17.4
32,Will Barton\bartowi01,SF,30,DEN,43,39,30.9,4.7,10.9,.433,1.7,4.6,.376,3.0,6.3,.474,.512,1.3,1.8,.737,0.7,3.4,4.1,3.0,0.9,0.5,1.7,1.6,12.5
33,Keita Bates-Diop\bateske01,SF,25,SAS,16,0,7.4,0.7,2.0,.344,0.3,0.9,.333,0.4,1.1,.353,.422,0.4,0.6,.700,0.3,0.9,1.3,0.4,0.4,0.1,0.1,0.3,2.1
34,Nicolas Batum\batumni01,SF,32,LAC,45,37,28.7,3.0,6.4,.465,1.8,4.3,.428,1.1,2.0,.543,.610,0.9,1.0,.848,0.8,4.0,4.8,2.3,1.1,0.4,0.8,1.7,8.6
35,Aron Baynes\baynear01,C,34,TOR,44,30,18.3,2.4,5.7,.425,0.5,1.9,.238,2.0,3.8,.518,.464,0.6,0.8,.735,1.6,3.5,5.1,0.9,0.3,0.4,0.8,2.2,5.9
36,Kent Bazemore\bazemke01,SF,31,GSW,45,1,16.4,2.2,4.8,.452,0.9,2.4,.393,1.2,2.4,.509,.548,0.7,1.0,.682,0.4,2.5,2.9,1.5,0.8,0.5,1.1,2.1,6.0
37,Darius Bazley\bazleda01,PF,20,OKC,36,36,30.7,4.4,11.2,.392,1.5,5.2,.290,2.9,6.0,.479,.459,1.6,2.3,.704,0.6,6.9,7.5,1.5,0.5,0.6,1.8,0.9,11.9
38,Bradley Beal\bealbr01,SG,27,WAS,41,41,35.5,11.0,22.6,.485,2.2,6.5,.338,8.8,16.1,.544,.533,7.2,8.0,.902,1.1,3.9,5.0,4.8,1.2,0.4,3.3,2.5,31.3
39,Malik Beasley\beaslma01,SG,24,MIN,35,34,32.9,7.3,16.5,.444,3.5,8.8,.396,3.9,7.7,.498,.549,1.8,2.1,.851,0.8,3.7,4.5,2.5,0.8,0.2,1.7,1.7,20.0
40,Jordan Bell\belljo01,C,26,WAS,3,1,16.7,1.7,5.0,.333,0.0,0.7,.000,1.7,4.3,.385,.333,0.0,0.0,,1.7,3.7,5.3,1.7,0.3,1.0,1.0,1.3,3.3
41,DeAndre' Bembry\bembrde01,SF,26,TOR,32,7,17.1,2.0,3.7,.534,0.3,0.9,.321,1.7,2.8,.600,.572,0.5,0.8,.680,0.5,1.9,2.4,1.9,0.7,0.3,1.0,1.6,4.8
42,Dāvis Bertāns\bertada01,PF,28,WAS,35,3,24.7,3.2,8.2,.389,2.8,7.3,.382,0.4,1.0,.441,.557,1.7,1.9,.853,0.4,2.5,2.9,0.9,0.6,0.2,0.6,2.5,10.8
43,Patrick Beverley\beverpa01,PG,32,LAC,29,29,23.8,2.8,6.2,.442,1.7,4.1,.420,1.0,2.1,.484,.580,1.1,1.3,.795,0.9,2.8,3.7,2.1,0.9,0.8,0.9,3.1,8.3
44,Saddiq Bey\beysa01,SF,21,DET,44,27,24.9,3.5,8.5,.411,2.3,5.9,.395,1.2,2.7,.444,.547,1.6,1.8,.873,0.5,3.6,4.1,1.3,0.6,0.1,0.7,1.6,10.9
45,Tyler Bey\beyty01,SF,22,DAL,9,0,3.6,0.3,1.2,.273,0.0,0.1,.000,0.3,1.1,.300,.273,0.2,0.4,.500,0.6,0.8,1.3,0.1,0.0,0.1,0.0,0.4,0.9
46,Khem Birch\birchkh01,C,28,ORL,45,3,20.2,2.0,4.4,.459,0.1,0.4,.200,1.9,3.9,.489,.469,1.4,1.9,.741,2.6,2.8,5.3,1.1,0.7,0.6,0.5,1.4,5.5
47,Goga Bitadze\bitadgo01,C,21,IND,26,0,9.5,1.7,3.3,.494,0.2,1.1,.207,1.4,2.2,.638,.529,0.7,1.0,.692,1.0,1.4,2.4,0.3,0.2,1.1,0.4,1.6,4.2
48,Bismack Biyombo\biyombi01,C,28,CHO,43,24,21.7,2.3,4.0,.576,0.0,0.0,.000,2.3,3.9,.580,.576,0.8,1.7,.486,2.1,3.3,5.3,1.3,0.3,1.1,1.0,2.4,5.4
49,Nemanja Bjelica\bjeline01,PF,32,TOT,27,1,16.4,2.6,5.6,.460,0.6,2.1,.293,1.9,3.4,.565,.517,1.2,1.6,.762,0.9,2.9,3.7,1.8,0.3,0.1,1.1,1.9,6.9
49,Nemanja Bjelica\bjeline01,PF,32,SAC,26,1,16.9,2.7,5.8,.460,0.7,2.2,.293,2.0,3.5,.565,.517,1.2,1.6,.762,0.9,2.9,3.8,1.9,0.3,0.1,1.1,1.8,7.2
49,Nemanja Bjelica\bjeline01,F,32,MIA,1,0,5.0,0.0,0.0,,0.0,0.0,,0.0,0.0,,,0.0,0.0,,0.0,1.0,1.0,0.0,0.0,0.0,1.0,2.0,0.0
50,Eric Bledsoe\bledser01,SG,31,NOP,45,44,29.6,4.1,9.8,.419,1.8,4.8,.367,2.3,5.0,.469,.509,1.4,2.2,.657,0.4,3.0,3.4,3.8,0.7,0.3,1.5,1.7,11.4
51,Keljin Blevins\blevike01,SF,25,POR,9,0,5.2,0.2,1.2,.182,0.0,0.4,.000,0.2,0.8,.286,.182,0.0,0.0,,0.0,0.2,0.2,0.4,0.2,0.0,0.3,0.4,0.4
52,Bogdan Bogdanović\bogdabo01,SG,28,ATL,21,4,23.3,3.8,9.1,.414,2.0,5.8,.339,1.8,3.3,.543,.521,0.7,0.7,.933,0.4,2.7,3.1,2.3,0.6,0.2,1.0,2.0,10.1
53,Bojan Bogdanović\bogdabo02,SF,31,UTA,46,46,30.0,4.7,11.5,.412,2.4,6.2,.385,2.3,5.3,.444,.516,2.6,3.0,.871,0.5,3.3,3.8,1.9,0.5,0.0,1.5,1.7,14.5
54,Bol Bol\bolbo01,PF,21,DEN,20,2,5.4,1.0,1.8,.528,0.5,0.9,.500,0.5,0.9,.556,.653,0.2,0.4,.571,0.0,0.8,0.8,0.3,0.1,0.3,0.5,0.6,2.6
55,Marques Bolden\boldema01,C,22,CLE,6,0,4.8,0.2,0.5,.333,0.0,0.0,,0.2,0.5,.333,.333,0.8,1.3,.625,0.5,0.5,1.0,0.0,0.3,0.3,0.3,0.0,1.2
56,Jordan Bone\bonejo01,PG,23,ORL,14,0,14.0,1.6,3.9,.426,0.7,2.3,.313,0.9,1.6,.591,.519,0.0,0.0,,0.3,1.4,1.7,1.3,0.1,0.0,0.2,0.8,4.0
57,Isaac Bonga\bongais01,SF,21,WAS,29,7,11.9,0.8,2.0,.390,0.4,1.2,.314,0.4,0.8,.500,.483,0.1,0.2,.500,0.6,1.4,2.0,0.6,0.2,0.2,0.5,1.7,2.1
58,Devin Booker\bookede01,SG,24,PHO,41,41,34.0,9.3,18.9,.490,2.0,5.8,.351,7.2,13.1,.552,.545,4.5,5.4,.845,0.3,3.8,4.1,4.6,0.9,0.2,3.3,2.8,25.1
59,Chris Boucher\bouchch01,C,28,TOR,47,3,23.2,4.7,8.9,.530,1.5,3.6,.409,3.2,5.3,.613,.613,2.4,3.2,.767,1.9,4.5,6.3,0.9,0.5,1.9,0.7,2.7,13.4
60,Brian Bowen\bowenbr02,SF,22,IND,3,0,2.7,0.3,0.7,.500,0.0,0.0,,0.3,0.7,.500,.500,0.3,0.3,1.000,0.0,0.3,0.3,0.0,0.0,0.0,0.0,0.3,1.0
61,Avery Bradley\bradlav01,SG,30,TOT,11,1,20.5,2.9,6.5,.444,1.5,3.8,.405,1.4,2.7,.500,.563,0.6,0.8,.778,0.2,1.6,1.8,1.5,0.8,0.1,0.8,2.5,8.0
61,Avery Bradley\bradlav01,SG,30,MIA,10,1,21.1,3.1,6.6,.470,1.6,3.8,.421,1.5,2.8,.536,.591,0.7,0.9,.778,0.2,1.6,1.8,1.4,0.7,0.1,0.9,2.6,8.5
61,Avery Bradley\bradlav01,G,30,HOU,1,0,15.0,1.0,6.0,.167,1.0,4.0,.250,0.0,2.0,.000,.250,0.0,0.0,,0.0,2.0,2.0,3.0,2.0,0.0,0.0,1.0,3.0
62,Tony Bradley\bradlto01,C,23,TOT,21,8,14.3,2.6,3.7,.692,0.0,0.0,.000,2.6,3.7,.701,.692,0.4,0.6,.692,2.0,3.2,5.2,0.9,0.3,0.6,0.5,1.5,5.6
62,Tony Bradley\bradlto01,C,23,PHI,20,8,14.4,2.6,3.8,.680,0.0,0.1,.000,2.6,3.7,.689,.680,0.4,0.6,.636,2.0,3.3,5.2,0.9,0.3,0.7,0.3,1.4,5.5
62,Tony Bradley\bradlto01,F-C,23,OKC,1,0,14.0,3.0,3.0,1.000,0.0,0.0,,3.0,3.0,1.000,1.000,2.0,2.0,1.000,2.0,3.0,5.0,1.0,1.0,0.0,4.0,3.0,8.0
63,Jarrell Brantley\brantja01,PF,24,UTA,15,0,2.9,0.5,1.2,.444,0.3,0.7,.400,0.3,0.5,.500,.556,0.1,0.1,1.000,0.2,0.4,0.6,0.2,0.2,0.1,0.1,0.5,1.5
64,Ignas Brazdeikis\brazdig01,SF,22,NYK,4,0,1.8,0.0,0.3,.000,0.0,0.0,,0.0,0.3,.000,.000,0.5,0.5,1.000,0.3,0.3,0.5,0.3,0.0,0.0,0.3,0.0,0.5
65,Mikal Bridges\bridgmi01,SF,24,PHO,45,45,32.7,5.0,9.4,.527,1.8,4.4,.413,3.2,5.0,.626,.623,1.7,2.0,.835,1.3,3.6,4.9,2.4,0.9,0.9,0.9,1.6,13.4
66,Miles Bridges\bridgmi02,PF,22,CHO,45,2,26.6,3.7,7.4,.500,1.2,3.3,.372,2.5,4.1,.603,.583,1.1,1.2,.909,1.3,4.5,5.8,2.0,0.6,0.7,1.6,2.3,9.7
67,Malcolm Brogdon\brogdma01,PG,28,IND,43,43,35.3,8.2,17.7,.462,2.7,6.6,.411,5.4,11.0,.494,.540,2.5,2.9,.870,0.8,3.9,4.7,6.0,1.0,0.2,2.2,1.9,21.5
68,Dillon Brooks\brookdi01,SF,25,MEM,41,41,29.2,6.0,15.1,.398,1.8,5.7,.319,4.2,9.4,.446,.458,2.2,2.6,.852,0.9,2.1,3.0,2.5,1.3,0.4,1.9,3.4,16.1
69,Bruce Brown\brownbr01,PG,24,BRK,43,27,21.2,3.4,6.3,.546,0.2,0.9,.250,3.2,5.3,.598,.565,1.2,1.7,.736,1.6,2.9,4.5,1.5,0.7,0.3,0.8,2.2,8.3
70,Jaylen Brown\brownja02,SG,24,BOS,43,43,34.0,9.3,19.1,.484,2.6,6.7,.392,6.7,12.5,.534,.552,3.4,4.5,.762,1.1,4.5,5.6,3.7,1.2,0.5,2.8,2.9,24.5
71,Moses Brown\brownmo01,C,21,OKC,17,6,18.2,3.1,5.2,.596,0.0,0.0,,3.1,5.2,.596,.596,1.9,3.5,.559,2.8,5.2,7.9,0.2,0.6,1.2,0.8,1.8,8.2
72,Sterling Brown\brownst02,SG,25,HOU,44,11,24.2,2.8,6.5,.432,1.7,4.2,.403,1.1,2.3,.485,.563,0.5,0.5,.917,0.8,3.9,4.7,1.5,0.8,0.3,0.8,2.0,7.8
73,Troy Brown Jr.\browntr01,SF,21,TOT,23,0,13.8,1.7,4.2,.392,0.7,2.1,.313,1.0,2.1,.469,.469,0.5,0.8,.667,0.5,2.3,2.7,1.0,0.3,0.2,0.7,1.5,4.5
73,Troy Brown Jr.\browntr01,SF,21,WAS,21,0,13.7,1.6,4.2,.371,0.7,2.2,.304,0.9,2.0,.442,.449,0.5,0.7,.667,0.5,2.4,2.9,0.9,0.1,0.2,0.8,1.4,4.3
73,Troy Brown Jr.\browntr01,G-F,21,CHI,2,0,15.0,2.5,4.0,.625,0.5,1.0,.500,2.0,3.0,.667,.688,1.0,1.5,.667,0.0,1.0,1.0,1.5,1.5,0.0,0.5,2.5,6.5
74,Jalen Brunson\brunsja01,PG,24,DAL,41,10,25.0,4.7,8.8,.529,1.2,3.0,.392,3.5,5.8,.602,.597,2.0,2.5,.794,0.3,3.2,3.5,3.3,0.5,0.0,1.4,1.6,12.5
75,Thomas Bryant\bryanth01,C,23,WAS,10,10,27.1,5.9,9.1,.648,0.9,2.1,.429,5.0,7.0,.714,.698,1.6,2.4,.667,1.8,4.3,6.1,1.5,0.4,0.8,1.1,3.1,14.3
76,Reggie Bullock\bullore01,SF,29,NYK,40,39,27.6,3.3,7.9,.414,2.0,5.2,.386,1.3,2.7,.467,.541,0.6,0.7,.862,0.3,3.1,3.4,1.3,0.7,0.2,0.8,2.3,9.1
77,Trey Burke\burketr01,PG,28,DAL,44,0,15.1,2.5,5.7,.450,1.0,2.8,.374,1.5,2.9,.524,.542,0.8,0.9,.868,0.1,0.8,1.0,1.4,0.6,0.1,0.5,1.1,6.9
78,Alec Burks\burksal01,SG,29,NYK,35,5,26.4,4.4,10.4,.423,2.0,5.0,.408,2.4,5.4,.437,.521,2.2,2.6,.856,0.5,4.0,4.5,2.2,0.8,0.3,1.0,2.0,13.0
79,Jimmy Butler\butleji01,SF,31,MIA,32,32,33.6,7.2,14.8,.485,0.4,2.0,.206,6.8,12.8,.528,.499,6.8,7.9,.850,2.1,5.6,7.7,7.3,1.9,0.4,2.3,1.4,21.5
80,Bruno Caboclo\cabocbr01,PF,25,HOU,6,0,6.0,1.3,2.8,.471,0.0,0.8,.000,1.3,2.0,.667,.471,0.2,0.3,.500,0.5,1.8,2.3,0.2,0.0,0.3,0.7,1.0,2.8
81,Devontae Cacok\cacokde01,PF,24,LAL,9,1,5.0,1.0,1.6,.643,0.0,0.0,,1.0,1.6,.643,.643,0.0,0.2,.000,0.4,1.0,1.4,0.1,0.4,0.1,0.2,0.4,2.0
82,Kentavious Caldwell-Pope\caldwke01,SG,27,LAL,43,43,26.3,2.8,6.7,.421,1.5,3.7,.394,1.4,3.0,.454,.529,1.3,1.5,.859,0.4,2.0,2.4,1.5,0.8,0.3,1.0,1.6,8.4
83,Facundo Campazzo\campafa01,PG,29,DEN,40,1,17.9,1.5,4.1,.377,1.0,2.8,.357,0.5,1.3,.420,.500,0.8,1.0,.805,0.2,1.1,1.4,2.8,1.0,0.2,0.9,2.0,4.9
84,Vlatko Čančar\cancavl01,PF,23,DEN,25,0,5.9,0.6,1.3,.424,0.2,0.7,.278,0.4,0.6,.600,.500,0.2,0.2,.833,0.2,1.0,1.2,0.3,0.3,0.1,0.4,0.5,1.5
85,Clint Capela\capelca01,C,26,ATL,40,40,29.3,6.4,10.9,.586,0.0,0.0,,6.4,10.9,.586,.586,1.8,3.2,.550,4.9,9.2,14.1,0.9,0.8,2.2,1.3,2.3,14.6
86,Vernon Carey Jr.\careyve01,C,19,CHO,7,0,3.6,0.3,0.6,.500,0.0,0.1,.000,0.3,0.4,.667,.500,0.1,0.3,.500,0.3,1.0,1.3,0.1,0.0,0.1,0.1,0.0,0.7
87,Jevon Carter\carteje01,PG,25,PHO,34,0,9.5,1.1,2.8,.379,0.6,1.9,.328,0.4,0.9,.484,.489,0.1,0.1,1.000,0.1,1.1,1.1,1.1,0.4,0.2,0.2,1.0,2.8
88,Wendell Carter Jr.\cartewe01,C,21,TOT,33,25,24.6,4.0,7.7,.514,0.2,0.7,.348,3.7,7.0,.530,.529,2.6,3.6,.729,2.2,5.7,7.8,2.1,0.6,0.7,1.5,3.0,10.8
88,Wendell Carter Jr.\cartewe01,C,21,CHI,32,25,24.8,4.0,7.9,.512,0.3,0.7,.364,3.8,7.2,.526,.528,2.6,3.5,.739,2.2,5.6,7.8,2.2,0.6,0.8,1.5,3.0,10.9
88,Wendell Carter Jr.\cartewe01,C,21,ORL,1,0,20.0,2.0,3.0,.667,0.0,1.0,.000,2.0,2.0,1.000,.667,4.0,7.0,.571,1.0,7.0,8.0,0.0,1.0,0.0,1.0,2.0,8.0
89,Michael Carter-Williams\cartemi01,SG,29,ORL,25,19,26.1,3.4,8.8,.384,0.4,1.9,.234,2.9,6.9,.424,.409,1.5,2.2,.679,1.3,3.2,4.5,4.2,0.6,0.5,2.4,2.9,8.7
90,Alex Caruso\carusal01,PG,26,LAL,37,0,19.9,1.9,4.8,.402,0.9,2.2,.386,1.1,2.6,.417,.492,0.8,1.3,.638,0.6,2.4,3.0,2.4,1.1,0.2,1.1,1.8,5.6
91,Willie Cauley-Stein\caulewi01,C,27,DAL,35,11,17.1,2.3,3.6,.622,0.0,0.2,.125,2.2,3.4,.655,.626,0.9,1.4,.660,1.1,3.1,4.3,0.7,0.3,0.8,0.5,2.3,5.5
92,Chris Chiozza\chiozch01,PG,25,BRK,16,0,10.3,1.3,3.9,.333,0.7,2.0,.344,0.6,1.9,.323,.421,0.6,0.8,.769,0.2,0.8,1.0,2.9,0.4,0.3,0.7,0.7,3.9
93,Marquese Chriss\chrisma01,PF,23,GSW,2,0,13.5,2.5,7.0,.357,0.5,2.5,.200,2.0,4.5,.444,.393,1.0,2.0,.500,1.5,5.0,6.5,1.0,0.0,1.0,1.0,1.5,6.5
94,Gary Clark\clarkga01,SF,26,ORL,35,11,18.2,1.1,3.7,.305,0.9,3.1,.287,0.3,0.7,.391,.424,0.2,0.3,.800,0.9,2.3,3.2,0.9,0.3,0.2,0.5,1.0,3.4
95,Brandon Clarke\clarkbr01,PF,24,MEM,39,16,25.9,4.9,9.3,.525,0.5,1.5,.328,4.4,7.8,.563,.551,1.4,2.1,.675,1.5,4.1,5.6,1.7,1.1,0.8,0.6,1.5,11.6
96,Jordan Clarkson\clarkjo01,SG,28,UTA,46,0,25.6,6.3,14.9,.421,3.0,8.6,.352,3.2,6.3,.516,.523,1.6,1.7,.949,0.8,3.2,4.0,2.2,0.8,0.2,1.7,1.4,17.2
97,Nicolas Claxton\claxtni01,C,21,BRK,15,0,18.9,3.6,6.1,.593,0.1,0.3,.250,3.5,5.8,.609,.599,1.2,2.2,.545,1.3,3.2,4.5,0.8,0.7,1.5,0.5,1.7,8.5
98,Amir Coffey\coffeam01,SG,23,LAC,30,0,8.0,1.1,2.2,.485,0.6,1.3,.450,0.5,0.9,.538,.621,0.3,0.6,.529,0.2,0.6,0.8,0.5,0.2,0.0,0.4,0.4,3.0
99,John Collins\collijo01,PF,23,ATL,46,46,30.6,7.2,13.2,.544,1.3,3.4,.382,5.8,9.7,.600,.593,2.8,3.3,.837,2.1,5.7,7.8,1.3,0.5,1.1,1.2,3.3,18.4
100,Mike Conley\conlemi01,PG,33,UTA,37,37,29.4,5.6,12.4,.450,2.7,6.5,.421,2.8,5.9,.482,.560,2.3,2.7,.840,0.8,2.7,3.5,5.5,1.3,0.1,1.9,1.8,16.1
101,Pat Connaughton\connapa01,SG,28,MIL,43,1,22.9,2.5,5.4,.455,1.5,3.7,.411,1.0,1.7,.547,.594,0.5,0.6,.769,1.0,3.7,4.7,1.4,0.7,0.4,0.5,1.6,6.9
102,Quinn Cook\cookqu01,PG,27,TOT,23,0,6.8,1.3,3.0,.426,0.5,1.1,.423,0.8,1.8,.429,.507,0.3,0.3,.875,0.1,0.7,0.7,0.8,0.2,0.0,0.3,0.4,3.3
102,Quinn Cook\cookqu01,PG,27,LAL,16,0,3.9,0.8,1.6,.462,0.3,0.8,.385,0.4,0.8,.538,.558,0.3,0.3,.800,0.0,0.3,0.3,0.3,0.1,0.1,0.2,0.1,2.1
102,Quinn Cook\cookqu01,PG,27,CLE,7,0,13.6,2.4,6.0,.405,0.9,1.9,.462,1.6,4.1,.379,.476,0.4,0.4,1.000,0.3,1.4,1.7,1.9,0.4,0.0,0.6,1.1,6.1
103,Tyler Cook\cookty01,PF,23,TOT,10,0,8.4,0.8,1.6,.500,0.0,0.0,,0.8,1.6,.500,.500,0.2,0.5,.400,0.7,1.6,2.3,0.4,0.2,0.0,0.6,0.8,1.8
103,Tyler Cook\cookty01,PF,23,BRK,4,0,4.3,0.3,0.8,.333,0.0,0.0,,0.3,0.8,.333,.333,0.0,0.0,,0.3,0.3,0.5,0.5,0.0,0.0,0.3,0.5,0.5
103,Tyler Cook\cookty01,F,23,DET,6,0,11.2,1.2,2.2,.538,0.0,0.0,,1.2,2.2,.538,.538,0.3,0.8,.400,1.0,2.5,3.5,0.3,0.3,0.0,0.8,1.0,2.7
104,DeMarcus Cousins\couside01,C,30,HOU,25,11,20.2,3.2,8.4,.376,1.6,4.6,.336,1.6,3.8,.426,.469,1.8,2.4,.746,1.2,6.4,7.6,2.4,0.8,0.7,1.6,3.0,9.6
105,Robert Covington\covinro01,PF,30,POR,44,44,32.4,3.0,7.5,.405,2.0,5.4,.381,1.0,2.2,.463,.541,0.7,0.9,.821,0.8,6.0,6.8,1.8,1.6,1.3,1.1,2.8,8.9
106,Torrey Craig\craigto01,SF,30,TOT,23,0,12.2,1.4,3.1,.444,0.6,1.4,.394,0.8,1.7,.487,.535,0.1,0.3,.500,0.9,1.7,2.7,1.0,0.5,0.4,0.3,1.5,3.5
106,Torrey Craig\craigto01,SF,30,MIL,18,0,11.2,1.0,2.6,.391,0.4,1.2,.364,0.6,1.3,.417,.478,0.1,0.1,.500,0.7,1.7,2.4,0.9,0.5,0.4,0.3,1.3,2.5
106,Torrey Craig\craigto01,G-F,30,PHO,5,0,16.0,2.8,5.2,.538,1.0,2.2,.455,1.8,3.0,.600,.635,0.4,0.8,.500,1.6,2.0,3.6,1.4,0.6,0.4,0.4,2.2,7.0
107,Jae Crowder\crowdja01,PF,30,PHO,42,27,27.9,3.4,8.5,.397,2.4,6.4,.372,1.0,2.1,.472,.536,0.9,1.1,.822,0.5,4.5,5.0,2.1,0.8,0.3,0.9,1.8,10.0
108,Jarrett Culver\culveja01,SG,21,MIN,24,7,17.6,2.5,6.1,.408,0.4,1.8,.214,2.1,4.4,.486,.439,1.0,1.7,.600,1.3,2.6,4.0,0.7,0.6,0.3,1.0,2.0,6.4
109,Seth Curry\curryse01,SG,30,PHI,35,35,29.4,4.6,10.0,.464,2.0,4.7,.430,2.6,5.3,.495,.566,1.7,1.8,.921,0.2,2.0,2.2,2.9,0.9,0.2,1.4,1.7,12.9
110,Stephen Curry\curryst01,PG,32,GSW,40,40,33.7,9.7,20.3,.475,4.7,11.5,.409,5.0,8.8,.561,.590,5.1,5.5,.927,0.5,4.9,5.3,6.2,1.4,0.1,3.0,1.8,29.1
111,Nate Darling\darlina01,SG,22,CHO,2,0,3.5,0.5,2.0,.250,0.5,2.0,.250,0.0,0.0,,.375,0.0,0.0,,0.0,0.0,0.0,0.5,0.0,0.0,0.0,0.0,1.5
112,Anthony Davis\davisan02,PF,27,LAL,23,23,32.8,8.9,16.7,.533,0.7,2.5,.293,8.1,14.1,.575,.555,4.0,5.7,.715,2.0,6.3,8.4,3.0,1.3,1.8,2.0,1.8,22.5
113,Ed Davis\davised01,C,31,MIN,19,7,13.9,0.9,2.3,.419,0.0,0.0,,0.9,2.3,.419,.419,0.4,0.4,.875,2.0,3.1,5.1,1.0,0.5,0.5,0.3,2.6,2.3
114,Terence Davis\daviste02,SG,23,TOT,36,4,14.7,2.6,6.2,.417,1.3,3.7,.364,1.3,2.5,.495,.525,0.6,0.6,.870,0.3,1.7,2.0,1.1,0.6,0.2,0.9,1.4,7.1
114,Terence Davis\daviste02,SG,23,TOR,34,4,14.5,2.6,6.2,.414,1.3,3.6,.361,1.3,2.6,.489,.519,0.5,0.5,.889,0.3,1.7,1.9,1.1,0.5,0.2,0.9,1.4,6.9
114,Terence Davis\daviste02,G,23,SAC,2,0,18.0,3.0,6.5,.462,2.0,5.0,.400,1.0,1.5,.667,.615,2.0,2.5,.800,0.0,2.5,2.5,2.0,1.5,0.0,1.5,1.0,10.0
115,DeMar DeRozan\derozde01,PF,31,SAS,37,37,33.8,7.0,14.4,.489,0.5,1.6,.300,6.5,12.8,.513,.506,5.9,6.6,.882,0.6,3.8,4.4,7.2,1.0,0.3,1.8,1.9,20.4
116,Mamadi Diakite\diakima01,PF,24,MIL,5,0,9.8,1.4,3.2,.438,0.0,0.6,.000,1.4,2.6,.538,.438,0.0,0.0,,0.8,2.0,2.8,0.8,0.0,0.8,0.0,1.0,2.8
117,Hamidou Diallo\diallha01,SG,22,TOT,34,5,23.7,4.4,9.1,.486,0.4,1.3,.302,4.1,7.9,.515,.506,2.7,4.1,.645,1.1,4.1,5.2,2.4,0.9,0.4,1.5,2.6,11.9
117,Hamidou Diallo\diallha01,SG,22,OKC,32,5,23.8,4.5,9.3,.481,0.4,1.3,.293,4.1,8.0,.512,.502,2.6,4.1,.629,1.2,4.0,5.2,2.4,1.0,0.4,1.5,2.6,11.9
117,Hamidou Diallo\diallha01,G,22,DET,2,0,23.0,4.0,7.0,.571,0.5,1.0,.500,3.5,6.0,.583,.607,4.0,4.5,.889,1.0,5.0,6.0,1.5,0.5,1.0,1.0,2.0,12.5
118,Gorgui Dieng\dienggo01,C,31,MEM,22,1,16.9,2.5,4.9,.519,1.0,2.2,.479,1.5,2.7,.550,.625,1.7,2.0,.884,1.3,3.2,4.5,1.3,0.8,0.6,1.0,1.7,7.9
119,Spencer Dinwiddie\dinwisp01,SG,27,BRK,3,3,21.3,2.0,5.3,.375,0.7,2.3,.286,1.3,3.0,.444,.438,2.0,2.0,1.000,0.0,4.3,4.3,3.0,0.7,0.3,1.7,1.3,6.7
120,Donte DiVincenzo\divindo01,SG,24,MIL,45,45,27.3,4.0,9.4,.421,2.0,5.1,.383,2.0,4.3,.467,.525,0.7,1.0,.674,1.2,4.2,5.4,3.0,1.1,0.2,1.4,1.5,10.6
121,Luka Dončić\doncilu01,PG,21,DAL,40,40,35.0,10.1,20.9,.483,3.0,8.0,.368,7.1,12.8,.556,.554,5.4,7.3,.748,0.8,7.4,8.1,9.0,1.0,0.6,4.2,2.1,28.5
122,Luguentz Dort\dortlu01,SG,21,OKC,41,41,29.3,4.3,11.2,.386,2.0,6.0,.327,2.4,5.2,.453,.473,2.0,2.6,.764,0.7,2.8,3.4,1.6,0.9,0.4,1.4,2.4,12.6
123,Damyean Dotson\dotsoda01,SG,26,CLE,35,6,18.8,2.5,6.3,.394,0.9,3.3,.278,1.6,3.0,.519,.466,0.6,0.9,.688,0.1,1.9,2.0,2.1,0.4,0.1,0.8,0.9,6.5
124,Devon Dotson\dotsode01,PG,21,CHI,3,0,5.0,0.7,1.3,.500,0.0,0.0,,0.7,1.3,.500,.500,0.0,0.0,,0.3,0.3,0.7,0.0,0.3,0.0,0.0,0.3,1.3
125,Sekou Doumbouya\doumbse01,PF,20,DET,40,2,12.6,1.3,3.9,.340,0.4,1.8,.243,0.9,2.2,.419,.394,0.6,0.8,.733,0.5,1.6,2.1,0.6,0.4,0.1,0.7,1.4,3.6
126,PJ Dozier\doziepj01,SG,24,DEN,31,0,20.3,2.7,6.3,.433,0.9,2.6,.363,1.8,3.7,.482,.508,0.9,1.5,.630,0.7,3.0,3.7,1.6,0.5,0.5,0.8,1.8,7.3
127,Goran Dragić\dragigo01,PG,34,MIA,29,9,27.0,4.9,11.1,.439,1.6,4.5,.344,3.3,6.6,.505,.509,2.2,2.7,.844,0.3,3.0,3.3,4.8,0.6,0.2,2.7,2.3,13.5
128,Andre Drummond\drumman01,C,27,CLE,25,25,28.9,7.2,15.2,.474,0.0,0.3,.000,7.2,14.9,.484,.474,3.1,5.2,.597,4.0,9.4,13.5,2.6,1.6,1.2,3.2,2.8,17.5
129,Jared Dudley\dudleja01,PF,35,LAL,11,0,6.9,0.2,0.6,.286,0.2,0.5,.400,0.0,0.2,.000,.429,0.0,0.0,,0.4,1.4,1.7,0.5,0.1,0.1,0.2,0.6,0.5
130,Kevin Durant\duranke01,PF,32,BRK,19,18,35.7,9.9,18.9,.524,2.6,5.9,.434,7.3,12.9,.565,.592,6.6,7.6,.869,0.4,6.9,7.3,5.3,0.7,1.4,3.5,2.3,29.0
131,Anthony Edwards\edwaran01,SG,19,MIN,47,30,30.6,6.3,16.4,.386,2.1,6.8,.308,4.2,9.6,.441,.450,2.4,3.1,.772,0.8,3.6,4.4,2.5,1.0,0.4,2.0,1.7,17.2
132,Carsen Edwards\edwarca01,SG,22,BOS,18,1,10.1,2.1,4.3,.481,0.7,2.2,.333,1.3,2.1,.632,.565,0.4,0.5,.778,0.1,0.9,1.1,0.5,0.3,0.1,0.2,1.1,5.2
133,CJ Elleby\ellebcj01,SF,20,POR,14,0,8.4,1.0,2.4,.412,0.4,1.5,.238,0.6,0.9,.692,.485,0.4,0.6,.667,0.4,0.7,1.1,0.2,0.3,0.2,0.2,1.3,2.8
134,Henry Ellenson\ellenhe01,PF,24,TOR,2,0,19.0,2.5,7.0,.357,1.0,4.5,.222,1.5,2.5,.600,.429,1.5,2.0,.750,1.5,4.5,6.0,2.5,0.0,0.0,0.0,3.5,7.5
135,Wayne Ellington\ellinwa01,SG,33,DET,34,28,23.2,3.6,7.9,.452,2.7,6.4,.426,0.9,1.6,.556,.622,0.7,0.9,.774,0.2,1.6,1.8,1.4,0.4,0.2,0.7,1.5,10.6
136,Joel Embiid\embiijo01,C,26,PHI,31,31,32.6,9.5,18.0,.525,1.2,2.9,.422,8.2,15.1,.545,.559,9.8,11.4,.859,2.2,9.3,11.5,3.3,1.2,1.4,3.2,2.5,29.9
137,James Ennis\ennisja01,SF,30,ORL,29,25,22.2,2.7,5.4,.487,1.1,2.4,.443,1.6,3.0,.523,.585,1.4,1.8,.792,1.1,2.9,4.0,1.4,0.8,0.2,0.9,2.0,7.8
138,Drew Eubanks\eubandr01,C,23,SAS,27,0,13.0,1.8,3.5,.505,0.0,0.0,1.000,1.7,3.5,.500,.511,1.0,1.5,.700,0.7,2.7,3.4,0.9,0.2,1.0,0.8,1.3,4.6
139,Dante Exum\exumda01,SG,25,CLE,6,3,19.3,1.7,4.3,.385,0.3,1.8,.182,1.3,2.5,.533,.423,0.2,0.3,.500,0.3,2.5,2.8,2.2,0.7,0.3,1.2,1.5,3.8
140,Tacko Fall\fallta01,C,25,BOS,12,0,6.8,1.3,1.8,.727,0.0,0.0,,1.3,1.8,.727,.727,0.3,0.9,.273,0.8,1.8,2.5,0.2,0.0,0.8,0.2,1.1,2.9
141,Derrick Favors\favorde01,C,29,UTA,44,0,15.8,2.4,3.8,.639,0.0,0.0,.000,2.4,3.8,.642,.639,1.1,1.5,.738,2.1,3.4,5.5,0.8,0.5,1.0,0.6,2.3,5.9
142,Cristiano Felício\feliccr01,C,28,CHI,9,0,4.8,0.3,0.4,.750,0.0,0.0,,0.3,0.4,.750,.750,0.7,1.1,.600,0.7,0.8,1.4,0.6,0.2,0.0,0.3,0.3,1.3
143,Terrance Ferguson\fergute01,SG,22,PHI,13,0,3.8,0.1,0.5,.143,0.0,0.4,.000,0.1,0.2,.500,.143,0.0,0.0,,0.0,0.1,0.1,0.2,0.1,0.0,0.3,0.5,0.2
144,Bruno Fernando\fernabr01,C,22,ATL,23,0,7.3,0.5,1.2,.429,0.0,0.1,.000,0.5,1.1,.462,.429,0.4,0.7,.625,0.6,2.2,2.8,0.4,0.1,0.1,0.7,0.8,1.5
145,Yogi Ferrell\ferreyo01,PG,27,CLE,2,0,20.0,4.0,10.5,.381,1.5,4.5,.333,2.5,6.0,.417,.452,0.0,1.0,.000,1.5,2.0,3.5,2.5,1.5,0.5,1.5,2.0,9.5
146,Dorian Finney-Smith\finnedo01,PF,27,DAL,34,34,31.2,3.1,7.1,.438,1.6,4.5,.351,1.5,2.6,.591,.550,0.6,0.7,.840,1.5,3.6,5.1,1.6,0.9,0.4,0.6,2.6,8.4
147,Malachi Flynn\flynnma01,PG,22,TOR,22,0,9.9,0.9,3.1,.275,0.3,1.7,.184,0.5,1.4,.387,.326,0.2,0.4,.625,0.0,0.9,1.0,1.3,0.2,0.0,0.4,0.7,2.3
148,Bryn Forbes\forbebr01,SG,27,MIL,45,6,19.1,3.4,7.4,.456,2.1,4.7,.446,1.2,2.6,.475,.600,0.6,0.8,.765,0.2,1.1,1.3,0.6,0.2,0.0,0.6,1.0,9.4
149,Trent Forrest\forretr01,PG,22,UTA,12,0,4.3,0.3,0.8,.333,0.0,0.2,.000,0.3,0.6,.429,.333,0.2,0.2,1.000,0.0,0.5,0.5,0.8,0.2,0.0,0.4,0.3,0.7
150,Evan Fournier\fournev01,SF,28,TOT,27,26,30.4,6.3,14.0,.449,2.7,7.1,.378,3.6,6.9,.522,.545,3.6,4.6,.797,0.2,2.7,2.9,3.5,1.1,0.4,2.0,2.1,18.9
150,Evan Fournier\fournev01,SF,28,ORL,26,26,30.3,6.5,14.2,.461,2.8,7.2,.388,3.7,7.0,.536,.560,3.8,4.7,.797,0.2,2.7,2.9,3.7,1.0,0.3,2.1,2.1,19.7
150,Evan Fournier\fournev01,G-F,28,BOS,1,0,33.0,0.0,10.0,.000,0.0,5.0,.000,0.0,5.0,.000,.000,0.0,0.0,,0.0,2.0,2.0,0.0,2.0,2.0,1.0,3.0,0.0
151,De'Aaron Fox\foxde01,PG,23,SAC,46,46,34.8,9.0,18.6,.486,1.8,5.6,.332,7.2,13.0,.552,.536,4.9,6.9,.704,0.6,2.8,3.4,7.2,1.4,0.5,3.1,3.0,24.8
152,Tim Frazier\fraziti01,PG,30,MEM,3,0,11.0,0.7,2.7,.250,0.0,0.7,.000,0.7,2.0,.333,.250,0.0,0.0,,0.0,1.3,1.3,2.3,0.3,0.0,1.0,1.3,1.3
153,Markelle Fultz\fultzma01,PG,22,ORL,8,8,26.9,5.1,13.0,.394,0.5,2.0,.250,4.6,11.0,.420,.413,2.1,2.4,.895,0.6,2.5,3.1,5.4,1.0,0.3,2.3,2.3,12.9
154,Wenyen Gabriel\gabriwe01,PF,23,NOP,6,0,3.3,0.0,0.7,.000,0.0,0.2,.000,0.0,0.5,.000,.000,0.2,0.3,.500,0.3,0.8,1.2,0.3,0.0,0.0,0.5,0.2,0.2
155,Daniel Gafford\gaffoda01,PF,22,TOT,33,11,12.5,2.1,3.0,.700,0.0,0.0,,2.1,3.0,.700,.700,0.9,1.4,.674,1.5,2.0,3.5,0.5,0.4,1.2,0.8,1.7,5.2
155,Daniel Gafford\gaffoda01,PF,22,CHI,31,11,12.4,1.9,2.8,.690,0.0,0.0,,1.9,2.8,.690,.690,0.9,1.3,.659,1.4,1.9,3.3,0.5,0.4,1.1,0.7,1.7,4.7
155,Daniel Gafford\gaffoda01,F,22,WAS,2,0,14.0,5.0,6.5,.769,0.0,0.0,,5.0,6.5,.769,.769,2.0,2.5,.800,2.5,3.0,5.5,0.0,0.5,2.5,1.5,1.0,12.0
156,Danilo Gallinari\gallida01,PF,32,ATL,34,4,23.4,3.9,9.2,.423,2.1,5.1,.400,1.8,4.0,.453,.535,2.9,3.1,.935,0.2,3.5,3.7,1.5,0.6,0.2,1.0,1.9,12.8
157,Langston Galloway\gallola01,SG,29,PHO,33,0,11.0,1.7,3.6,.479,1.0,2.1,.457,0.8,1.5,.510,.613,0.5,0.5,1.000,0.2,0.9,1.0,0.7,0.2,0.0,0.3,0.6,4.9
158,Darius Garland\garlada01,PG,21,CLE,38,35,33.2,6.4,14.6,.440,1.8,4.4,.399,4.7,10.2,.457,.500,2.0,2.4,.835,0.5,1.8,2.3,5.7,1.1,0.1,3.0,2.3,16.6
159,Marc Gasol\gasolma01,C,36,LAL,38,38,19.8,1.6,3.8,.404,0.9,2.4,.355,0.7,1.4,.491,.517,0.9,1.1,.786,0.7,3.2,3.9,2.0,0.5,1.2,0.9,2.3,4.8
160,Rudy Gay\gayru01,PF,34,SAS,37,0,21.6,4.0,9.7,.409,1.6,4.2,.387,2.4,5.5,.426,.493,1.2,1.6,.780,0.8,4.2,4.9,1.5,0.8,0.6,1.1,1.8,10.8
161,Paul George\georgpa01,SF,30,LAC,36,36,33.5,8.0,16.9,.473,3.2,7.5,.426,4.8,9.4,.510,.568,3.3,3.8,.882,0.9,5.4,6.3,5.5,1.1,0.5,3.2,2.3,22.5
162,Taj Gibson\gibsota01,PF,35,NYK,20,1,19.2,1.8,3.3,.554,0.2,0.7,.231,1.7,2.6,.635,.577,0.9,1.4,.607,1.9,3.0,4.9,0.7,0.5,0.7,0.6,2.1,4.6
163,Harry Giles\gilesha01,C,22,POR,23,0,11.8,1.1,2.8,.406,0.1,0.4,.333,1.0,2.4,.418,.430,0.6,0.8,.722,1.2,3.7,4.9,0.9,0.2,0.4,0.7,2.0,3.0
164,Shai Gilgeous-Alexander\gilgesh01,SG,22,OKC,35,35,33.7,8.2,16.1,.508,2.0,4.9,.418,6.2,11.3,.547,.571,5.3,6.5,.808,0.5,4.2,4.7,5.9,0.8,0.7,3.0,2.0,23.7
165,Anthony Gill\gillan01,PF,28,WAS,13,1,5.5,0.3,0.9,.333,0.1,0.6,.125,0.2,0.3,.750,.375,0.2,0.3,.750,0.2,1.2,1.5,0.3,0.2,0.2,0.2,0.2,0.9
166,Rudy Gobert\goberru01,C,28,UTA,46,46,30.7,5.6,8.6,.650,0.0,0.1,.000,5.6,8.5,.655,.650,3.6,5.8,.616,3.5,9.9,13.4,1.2,0.5,3.0,1.6,2.3,14.7
167,Brandon Goodwin\goodwbr01,PG,25,ATL,29,0,10.6,1.4,4.0,.345,0.6,2.0,.281,0.8,2.0,.407,.414,0.6,0.8,.708,0.1,0.8,1.0,1.5,0.4,0.0,0.6,0.8,3.9
168,Aaron Gordon\gordoaa01,PF,25,TOT,26,26,29.1,5.2,11.6,.444,1.7,4.5,.371,3.5,7.2,.489,.515,2.5,4.0,.629,1.5,5.0,6.5,4.1,0.7,0.8,2.6,1.9,14.5
168,Aaron Gordon\gordoaa01,PF,25,ORL,25,25,29.4,5.1,11.7,.437,1.7,4.5,.375,3.4,7.2,.475,.509,2.6,4.2,.629,1.6,5.1,6.6,4.2,0.6,0.8,2.7,2.0,14.6
168,Aaron Gordon\gordoaa01,F,25,DEN,1,1,21.0,6.0,9.0,.667,1.0,4.0,.250,5.0,5.0,1.000,.722,0.0,0.0,,0.0,2.0,2.0,1.0,1.0,0.0,0.0,1.0,13.0
169,Eric Gordon\gordoer01,SG,32,HOU,27,13,29.2,5.9,13.6,.433,2.6,7.8,.329,3.3,5.8,.573,.527,3.5,4.2,.825,0.3,1.9,2.1,2.6,0.5,0.5,1.9,1.6,17.8
170,Devonte' Graham\grahade01,PG,25,CHO,35,29,30.3,4.4,11.6,.376,3.1,8.0,.381,1.3,3.6,.365,.507,2.1,2.6,.811,0.4,2.1,2.6,5.1,0.9,0.1,1.5,1.5,13.9
171,Jerami Grant\grantje01,SF,26,DET,43,43,35.1,7.4,17.5,.424,2.3,6.4,.350,5.2,11.1,.466,.488,5.5,6.3,.868,0.7,4.2,4.9,2.8,0.7,1.1,2.0,2.5,22.6
172,Danny Green\greenda02,SF,33,PHI,46,46,28.7,3.4,8.2,.415,2.6,6.4,.406,0.8,1.8,.446,.573,0.4,0.5,.708,0.8,2.8,3.6,1.6,1.3,0.8,1.2,1.9,9.7
173,Draymond Green\greendr01,PF,30,GSW,40,40,30.0,2.3,5.7,.403,0.5,2.0,.266,1.8,3.7,.476,.449,1.0,1.3,.774,0.8,5.6,6.4,8.4,1.4,0.8,2.8,3.2,6.1
174,JaMychal Green\greenja01,PF,30,DEN,34,4,19.1,3.2,7.0,.454,1.5,3.7,.402,1.7,3.3,.514,.561,0.9,1.1,.842,1.6,3.8,5.4,0.8,0.6,0.3,0.9,2.7,8.8
175,Javonte Green\greenja02,SG,27,TOT,27,2,13.6,1.5,2.8,.526,0.3,0.9,.304,1.2,2.0,.623,.572,0.7,1.1,.667,0.8,1.3,2.1,0.4,0.7,0.1,0.6,1.3,4.0
175,Javonte Green\greenja02,SG,27,BOS,25,2,13.8,1.6,2.8,.549,0.3,0.9,.318,1.3,2.0,.653,.599,0.8,1.2,.667,0.8,1.3,2.1,0.4,0.7,0.1,0.5,1.3,4.2
175,Javonte Green\greenja02,F,27,CHI,2,0,11.5,0.5,2.5,.200,0.0,0.5,.000,0.5,2.0,.250,.200,0.0,0.0,,1.0,2.0,3.0,0.5,1.0,1.0,1.5,1.5,1.0
176,Jeff Green\greenje02,C,34,BRK,43,22,26.7,3.4,6.9,.495,1.3,3.2,.417,2.0,3.6,.564,.593,1.5,1.9,.759,0.5,3.2,3.8,1.4,0.6,0.3,0.8,1.8,9.6
177,Josh Green\greenjo02,SG,20,DAL,23,5,11.0,1.0,2.3,.462,0.1,0.7,.133,1.0,1.6,.595,.481,0.3,0.6,.538,0.6,1.3,1.9,0.5,0.2,0.1,0.6,0.7,2.5
178,Blake Griffin\griffbl01,PF,31,TOT,24,20,29.1,3.8,10.0,.383,1.8,5.4,.323,2.1,4.6,.455,.471,2.1,3.0,.699,0.4,4.6,5.0,3.5,0.7,0.1,1.5,2.3,11.5
178,Blake Griffin\griffbl01,PF,31,DET,20,20,31.3,4.1,11.1,.365,2.0,6.2,.315,2.1,4.9,.429,.453,2.2,3.1,.710,0.4,4.9,5.2,3.9,0.7,0.1,1.6,2.1,12.3
178,Blake Griffin\griffbl01,F,31,BRK,4,0,18.3,2.8,4.5,.611,0.8,1.5,.500,2.0,3.0,.667,.694,1.8,2.8,.636,0.8,3.3,4.0,1.8,0.8,0.3,0.8,3.0,8.0
179,Kyle Guy\guyky01,PG,23,SAC,19,0,7.6,1.1,2.8,.370,0.5,1.6,.323,0.5,1.2,.435,.463,0.4,0.5,.800,0.2,0.9,1.1,1.0,0.2,0.0,0.2,0.7,3.1
180,Rui Hachimura\hachiru01,PF,22,WAS,38,38,31.6,5.3,11.0,.481,0.9,2.7,.333,4.4,8.3,.528,.522,2.4,3.2,.769,0.8,5.1,6.0,1.6,0.8,0.1,1.2,2.1,13.9
181,Ashton Hagans\haganas01,PG,21,MIN,2,0,2.0,0.0,0.0,,0.0,0.0,,0.0,0.0,,,0.0,0.0,,0.0,0.0,0.0,0.0,0.0,0.0,0.5,0.0,0.0
182,Tyrese Haliburton\halibty01,PG,20,SAC,41,10,30.2,5.1,10.4,.487,2.2,5.2,.423,2.9,5.2,.552,.594,0.8,0.9,.868,0.8,2.5,3.3,5.0,1.3,0.6,1.5,1.4,13.2
183,Josh Hall\halljo01,SF,20,OKC,9,0,10.3,0.9,3.2,.276,0.2,1.4,.154,0.7,1.8,.375,.310,0.9,1.9,.471,0.1,1.6,1.7,1.0,0.0,0.0,1.0,1.2,2.9
184,R.J. Hampton\hamptrj01,PG,19,TOT,26,0,9.6,1.1,2.6,.426,0.2,0.8,.300,0.9,1.8,.479,.471,0.4,0.5,.769,0.5,1.6,2.0,0.6,0.2,0.1,0.5,0.9,2.8
184,R.J. Hampton\hamptrj01,PG,19,DEN,25,0,9.3,1.0,2.4,.417,0.2,0.7,.278,0.8,1.7,.476,.458,0.4,0.5,.750,0.4,1.6,2.0,0.6,0.2,0.1,0.4,0.9,2.6
184,R.J. Hampton\hamptrj01,G,19,ORL,1,0,17.0,4.0,8.0,.500,1.0,2.0,.500,3.0,6.0,.500,.563,1.0,1.0,1.000,2.0,1.0,3.0,1.0,1.0,0.0,2.0,1.0,10.0
185,Tim Hardaway Jr.\hardati02,SG,28,DAL,44,19,29.3,6.0,13.2,.453,3.0,7.6,.397,2.9,5.5,.529,.567,1.9,2.4,.785,0.3,3.1,3.4,1.8,0.5,0.1,0.9,1.6,16.8
186,James Harden\hardeja01,PG-SG,31,TOT,40,40,38.2,8.2,17.8,.463,2.9,8.1,.362,5.3,9.7,.546,.545,6.7,7.7,.867,0.9,7.3,8.2,11.2,1.3,0.7,4.3,2.3,26.1
186,James Harden\hardeja01,SG,31,HOU,8,8,36.3,7.5,16.9,.444,3.1,9.0,.347,4.4,7.9,.556,.537,6.6,7.5,.883,0.6,4.5,5.1,10.4,0.9,0.8,4.3,1.8,24.8
186,James Harden\hardeja01,PG,31,BRK,32,32,38.7,8.4,18.0,.467,2.9,7.8,.367,5.5,10.2,.545,.547,6.7,7.8,.863,0.9,8.0,8.9,11.4,1.3,0.7,4.3,2.5,26.4
187,Maurice Harkless\harklma01,SF,27,TOT,13,3,11.5,0.8,1.7,.455,0.6,1.2,.500,0.2,0.5,.333,.636,0.0,0.2,.000,0.2,0.9,1.2,0.7,0.2,0.3,0.4,1.2,2.2
187,Maurice Harkless\harklma01,SF,27,MIA,11,3,11.3,0.5,1.2,.385,0.5,1.0,.455,0.0,0.2,.000,.577,0.0,0.2,.000,0.2,1.0,1.2,0.6,0.2,0.4,0.3,1.3,1.4
187,Maurice Harkless\harklma01,F-G,27,SAC,2,0,13.0,2.5,4.5,.556,1.5,2.5,.600,1.0,2.0,.500,.722,0.0,0.0,,0.5,0.5,1.0,1.0,0.0,0.0,1.0,1.0,6.5
188,Jared Harper\harpeja01,PG,23,NYK,3,0,2.3,0.0,0.3,.000,0.0,0.0,,0.0,0.3,.000,.000,0.7,0.7,1.000,0.0,0.0,0.0,0.0,0.0,0.0,0.7,0.0,0.7
189,Montrezl Harrell\harremo01,C,27,LAL,47,1,25.3,6.2,9.7,.638,0.0,0.2,.000,6.2,9.6,.650,.638,2.7,3.9,.697,2.6,4.3,6.8,1.1,0.7,0.8,1.1,2.0,15.2
190,Gary Harris\harriga01,SG,26,DEN,19,19,30.6,3.6,8.2,.442,1.3,3.9,.320,2.4,4.3,.556,.519,1.2,1.6,.733,0.7,1.8,2.5,1.7,0.9,0.2,0.7,1.9,9.7
191,Jalen Harris\harrija01,SG,22,TOR,4,0,3.5,0.3,1.0,.250,0.3,0.5,.500,0.0,0.5,.000,.375,0.0,0.0,,0.3,0.5,0.8,0.5,0.3,0.0,0.3,0.5,0.8
192,Joe Harris\harrijo01,SF,29,BRK,47,43,30.7,5.1,10.0,.510,3.2,6.6,.486,1.9,3.4,.556,.670,0.7,0.9,.721,0.5,2.9,3.4,1.7,0.6,0.2,0.8,2.1,14.1
193,Tobias Harris\harrito02,PF,28,PHI,41,41,34.2,8.1,15.6,.518,1.5,3.8,.409,6.6,11.9,.552,.567,3.2,3.5,.897,1.1,6.5,7.6,3.7,0.9,0.8,1.9,2.0,20.9
194,Shaquille Harrison\harrish01,SG,27,UTA,17,0,3.3,0.4,1.2,.300,0.0,0.1,.000,0.4,1.1,.333,.300,0.3,0.4,.833,0.2,0.4,0.5,0.5,0.1,0.0,0.3,0.2,1.0
195,Josh Hart\hartjo01,SF,25,NOP,46,3,28.3,3.2,7.2,.441,1.3,4.1,.332,1.8,3.2,.582,.535,1.4,1.8,.771,1.1,6.7,7.8,2.3,0.8,0.3,1.0,2.3,9.1
196,Isaiah Hartenstein\harteis01,C,22,TOT,31,1,9.6,1.4,2.8,.489,0.0,0.1,.333,1.4,2.7,.494,.494,0.7,1.2,.579,1.4,1.8,3.2,0.7,0.4,0.7,0.7,2.1,3.5
196,Isaiah Hartenstein\harteis01,C,22,DEN,30,0,9.1,1.4,2.7,.513,0.0,0.0,,1.4,2.7,.513,.513,0.7,1.2,.611,1.3,1.5,2.8,0.5,0.4,0.7,0.7,2.0,3.5
196,Isaiah Hartenstein\harteis01,F,22,CLE,1,1,26.0,2.0,8.0,.250,1.0,3.0,.333,1.0,5.0,.200,.313,0.0,2.0,.000,2.0,12.0,14.0,7.0,0.0,1.0,1.0,5.0,5.0
197,Jaxson Hayes\hayesja02,C,20,NOP,34,1,13.4,2.1,2.9,.727,0.0,0.0,,2.1,2.9,.727,.727,1.1,1.5,.765,1.1,2.4,3.4,0.5,0.3,0.5,0.6,1.8,5.4
198,Killian Hayes\hayeski01,PG,19,DET,7,7,21.1,1.9,6.7,.277,0.7,2.9,.250,1.1,3.9,.296,.330,0.1,0.3,.500,0.1,1.0,1.1,3.6,0.3,0.0,2.4,2.1,4.6
199,Gordon Hayward\haywago01,SF,30,CHO,41,41,34.4,7.1,15.1,.473,2.0,4.8,.408,5.2,10.3,.502,.537,3.5,4.2,.848,0.8,4.9,5.7,4.1,1.2,0.3,2.1,1.8,19.8
200,Juan Hernangómez\hernaju01,PF,25,MIN,28,6,17.3,2.5,5.6,.439,1.0,3.0,.333,1.5,2.6,.562,.529,1.0,1.6,.659,1.0,3.5,4.4,0.6,0.4,0.1,0.5,1.0,7.0
201,Willy Hernangómez\hernawi01,C,26,NOP,25,2,15.8,2.6,5.0,.520,0.0,0.3,.143,2.6,4.7,.542,.524,1.0,1.7,.595,2.4,3.7,6.2,1.2,0.3,0.4,0.4,1.1,6.2
202,Tyler Herro\herroty01,SG,21,MIA,36,14,31.9,5.8,13.9,.414,1.9,5.8,.325,3.9,8.1,.478,.482,2.1,2.5,.835,0.5,4.8,5.3,3.6,0.7,0.4,2.2,1.4,15.5
203,Buddy Hield\hieldbu01,SG,28,SAC,47,47,34.9,5.7,14.2,.399,4.0,10.4,.385,1.7,3.9,.436,.540,1.3,1.6,.851,0.4,4.1,4.6,3.2,0.8,0.3,1.7,2.6,16.7
204,George Hill\hillge01,PG,34,OKC,14,14,26.4,4.4,8.6,.508,1.6,4.1,.386,2.8,4.5,.619,.600,1.5,1.8,.840,0.6,1.5,2.1,3.1,0.9,0.1,0.9,0.9,11.8
205,Solomon Hill\hillso01,PF,29,ATL,45,1,18.9,1.4,3.9,.362,1.0,3.0,.328,0.4,1.0,.465,.486,0.4,0.5,.857,0.5,1.7,2.2,0.8,0.7,0.2,0.6,1.6,4.2
206,Nate Hinton\hintona01,SG,21,DAL,10,0,3.9,0.7,1.9,.368,0.1,0.6,.167,0.6,1.3,.462,.395,0.4,0.6,.667,0.0,0.3,0.3,0.4,0.4,0.1,0.4,0.2,1.9
207,Aaron Holiday\holidaa01,PG,24,IND,43,6,17.4,2.5,6.7,.373,0.9,2.8,.331,1.6,3.9,.404,.443,0.8,1.0,.756,0.2,1.0,1.2,1.7,0.6,0.1,0.7,1.6,6.7
208,Jrue Holiday\holidjr01,PG,30,MIL,35,32,31.4,6.4,12.9,.493,1.8,4.7,.380,4.6,8.2,.559,.563,1.6,1.9,.821,1.2,3.3,4.4,5.1,1.8,0.5,1.9,1.7,16.1
209,Justin Holiday\holidju01,SG,31,IND,45,36,32.0,3.9,9.0,.430,2.6,6.6,.395,1.3,2.5,.523,.574,1.1,1.4,.790,0.6,3.2,3.8,1.7,1.2,0.4,0.9,2.0,11.5
210,Richaun Holmes\holmeri01,C,27,SAC,43,43,30.4,6.1,9.4,.647,0.0,0.2,.250,6.0,9.2,.655,.649,2.1,2.7,.807,2.6,6.4,9.0,1.8,0.7,1.7,1.2,3.7,14.4
211,Rodney Hood\hoodro01,SF,28,TOT,41,5,19.3,2.0,5.3,.370,0.7,2.3,.301,1.3,3.0,.423,.435,0.3,0.4,.824,0.5,1.4,1.9,1.1,0.5,0.1,0.8,1.6,4.9
211,Rodney Hood\hoodro01,SF,28,POR,38,5,19.1,1.9,5.3,.363,0.7,2.2,.298,1.3,3.1,.410,.425,0.2,0.3,.750,0.5,1.4,1.9,1.2,0.5,0.1,0.8,1.6,4.7
211,Rodney Hood\hoodro01,G-F,28,TOR,3,0,22.0,2.3,5.0,.467,1.0,3.0,.333,1.3,2.0,.667,.567,1.7,1.7,1.000,0.3,1.0,1.3,0.0,0.3,0.3,0.7,1.7,7.3
212,Al Horford\horfoal01,C,34,OKC,28,28,27.9,5.8,12.9,.450,2.0,5.4,.368,3.8,7.4,.510,.528,0.6,0.8,.818,1.0,5.7,6.7,3.4,0.9,0.9,1.0,1.7,14.2
213,Talen Horton-Tucker\hortota01,SG,20,LAL,43,1,18.7,3.1,7.0,.445,0.5,1.9,.244,2.7,5.1,.521,.478,1.3,1.5,.833,0.4,2.3,2.7,2.3,0.8,0.5,1.3,2.0,8.0
214,Danuel House\houseda01,SF,27,HOU,28,18,27.8,3.3,8.1,.407,1.6,4.5,.357,1.7,3.6,.470,.507,1.2,1.8,.667,0.6,3.4,4.0,2.0,0.6,0.5,0.9,2.0,9.4
215,Dwight Howard\howardw01,C,35,PHI,46,4,17.1,2.5,4.3,.570,0.1,0.3,.286,2.4,4.0,.591,.580,1.6,2.9,.548,2.6,5.5,8.1,0.7,0.4,0.9,1.8,3.0,6.7
216,Markus Howard\howarma02,SG,21,DEN,22,0,3.5,0.4,1.9,.220,0.2,1.3,.172,0.2,0.5,.333,.280,0.0,0.1,.500,0.0,0.3,0.3,0.4,0.1,0.0,0.3,0.5,1.1
217,Kevin Huerter\huertke01,SG,22,ATL,46,33,31.2,4.3,10.5,.415,2.1,5.7,.364,2.3,4.7,.477,.515,0.8,1.0,.841,0.7,2.8,3.5,3.5,1.2,0.2,1.3,2.4,11.6
218,Elijah Hughes\hugheel01,SF,22,UTA,10,0,3.8,0.7,1.8,.389,0.5,1.3,.385,0.2,0.5,.400,.528,0.3,0.4,.750,0.0,0.6,0.6,0.4,0.1,0.1,0.5,0.0,2.2
219,De'Andre Hunter\huntede01,SF,23,ATL,20,18,31.3,5.6,11.2,.502,1.6,4.4,.356,4.1,6.8,.596,.572,3.3,3.8,.867,0.8,4.3,5.1,2.1,0.9,0.5,1.4,2.7,16.0
220,Chandler Hutchison\hutchch01,SF,24,TOT,8,0,11.1,1.6,3.6,.448,0.4,0.8,.500,1.3,2.9,.435,.500,0.3,0.3,1.000,0.3,2.9,3.1,0.5,0.1,0.0,1.0,1.4,3.9
220,Chandler Hutchison\hutchch01,SF,24,CHI,7,0,9.1,0.7,2.6,.278,0.1,0.4,.333,0.6,2.1,.267,.306,0.3,0.3,1.000,0.1,2.7,2.9,0.6,0.1,0.0,0.7,1.3,1.9
220,Chandler Hutchison\hutchch01,G,24,WAS,1,0,25.0,8.0,11.0,.727,2.0,3.0,.667,6.0,8.0,.750,.818,0.0,0.0,,1.0,4.0,5.0,0.0,0.0,0.0,3.0,2.0,18.0
221,Serge Ibaka\ibakase01,C,31,LAC,39,39,23.6,4.5,8.9,.507,1.0,2.8,.352,3.5,6.1,.577,.562,0.9,1.2,.822,1.7,4.9,6.7,1.7,0.2,1.2,1.1,1.9,10.9
222,Andre Iguodala\iguodan01,SF,37,MIA,43,2,21.3,1.5,4.0,.379,1.0,3.1,.333,0.5,1.0,.524,.506,0.4,0.7,.613,0.6,3.1,3.8,2.1,1.0,0.5,1.0,1.3,4.5
223,Ersan İlyasova\ilyaser01,F,33,UTA,4,0,4.3,0.3,1.3,.200,0.0,1.0,.000,0.3,0.3,1.000,.200,0.0,0.0,,0.3,0.3,0.5,0.3,0.0,0.0,0.3,0.8,0.5
224,Joe Ingles\inglejo01,SF,33,UTA,42,11,26.5,4.1,7.6,.536,2.7,5.5,.491,1.4,2.2,.648,.712,1.1,1.3,.868,0.4,3.2,3.7,4.3,0.6,0.2,1.5,1.7,12.0
225,Brandon Ingram\ingrabr01,SF,23,NOP,46,46,34.4,8.5,17.9,.475,2.4,6.2,.386,6.1,11.7,.521,.541,4.5,5.1,.876,0.6,4.3,4.9,4.7,0.6,0.7,2.4,2.0,23.8
226,Kyrie Irving\irvinky01,PG,28,BRK,32,32,35.5,10.8,20.8,.520,2.8,7.1,.401,7.9,13.7,.581,.588,3.7,4.1,.893,1.1,3.8,4.9,5.6,1.3,0.6,2.3,2.7,28.1
227,Wesley Iwundu\iwundwe01,SF,26,TOT,24,3,12.2,0.7,2.2,.321,0.1,1.0,.130,0.6,1.3,.467,.349,0.5,0.6,.857,0.3,1.6,1.9,0.4,0.4,0.1,0.3,1.1,2.0
227,Wesley Iwundu\iwundwe01,SF,26,DAL,23,3,12.5,0.7,2.3,.327,0.1,1.0,.130,0.6,1.3,.483,.356,0.5,0.6,.857,0.3,1.7,1.9,0.4,0.4,0.1,0.3,1.1,2.1
227,Wesley Iwundu\iwundwe01,F,26,NOP,1,0,5.0,0.0,1.0,.000,0.0,0.0,,0.0,1.0,.000,.000,0.0,0.0,,0.0,1.0,1.0,0.0,0.0,0.0,0.0,0.0,0.0
228,Frank Jackson\jacksfr01,PG,22,DET,17,4,12.8,2.0,4.6,.430,1.1,2.5,.429,0.9,2.2,.432,.544,0.9,1.1,.842,0.3,1.2,1.5,0.7,0.3,0.0,0.9,1.1,6.0
229,Josh Jackson\jacksjo02,SG,23,DET,41,6,24.6,4.6,11.1,.418,1.1,4.1,.274,3.5,7.0,.502,.468,2.5,3.4,.721,1.0,3.1,4.1,2.1,0.9,0.8,2.2,2.9,12.9
230,Justin Jackson\jacksju01,SF,25,OKC,30,3,16.4,2.5,6.1,.418,1.0,3.2,.305,1.6,2.9,.540,.497,0.9,1.1,.848,0.4,1.8,2.2,1.5,0.4,0.1,1.0,1.0,7.0
231,Reggie Jackson\jacksre01,SG,30,LAC,45,25,21.1,3.5,7.6,.459,1.5,3.5,.428,2.0,4.1,.486,.558,0.9,1.2,.778,0.3,2.3,2.6,2.9,0.6,0.1,1.1,1.9,9.4
232,Justin James\jamesju01,SF,24,SAC,23,0,6.3,0.7,1.7,.425,0.2,0.7,.313,0.5,1.0,.500,.488,0.2,0.5,.417,0.1,0.3,0.5,0.5,0.1,0.0,0.2,0.4,1.9
233,LeBron James\jamesle01,PG,36,LAL,41,41,33.9,9.5,18.4,.513,2.4,6.5,.368,7.1,12.0,.592,.578,4.1,5.8,.703,0.6,7.3,7.9,7.9,1.0,0.6,3.7,1.6,25.4
234,DaQuan Jeffries\jeffrda01,SG,23,SAC,17,2,13.5,1.4,3.4,.421,0.5,1.6,.321,0.9,1.7,.517,.500,0.4,0.4,.857,0.5,1.1,1.6,0.3,0.4,0.2,0.4,1.4,3.7
235,Ty Jerome\jeromty01,SG,23,OKC,14,1,26.1,3.6,7.9,.459,2.2,4.9,.449,1.4,3.0,.476,.599,0.4,0.6,.556,0.5,2.6,3.1,3.5,0.9,0.1,1.0,2.1,9.9
236,Isaiah Joe\joeis01,SG,21,PHI,23,1,11.1,1.3,3.7,.360,1.0,2.9,.364,0.3,0.9,.350,.500,0.2,0.2,1.000,0.3,0.9,1.1,0.7,0.3,0.2,0.2,1.0,4.0
237,Alize Johnson\johnsal02,F,24,BRK,1,0,33.0,11.0,15.0,.733,0.0,1.0,.000,11.0,14.0,.786,.733,1.0,1.0,1.000,5.0,10.0,15.0,3.0,2.0,0.0,1.0,1.0,23.0
238,Cameron Johnson\johnsca02,PF,24,PHO,39,9,23.4,3.5,8.0,.434,2.0,5.4,.373,1.4,2.5,.566,.561,0.8,0.9,.865,0.5,2.7,3.3,1.4,0.6,0.3,0.7,1.4,9.8
239,James Johnson\johnsja01,PF,33,DAL,29,1,17.4,2.3,5.0,.462,0.5,2.1,.250,1.8,2.9,.612,.514,0.6,1.0,.586,0.5,2.5,3.0,1.7,0.8,0.8,0.9,2.0,5.7
240,Keldon Johnson\johnske04,SF,21,SAS,41,39,28.9,5.0,10.7,.471,0.9,2.7,.330,4.1,8.0,.518,.513,2.4,3.1,.770,1.6,4.8,6.4,1.9,0.6,0.5,1.1,2.2,13.3
241,Stanley Johnson\johnsst04,PF,24,TOR,41,6,14.1,1.0,2.6,.387,0.6,1.7,.371,0.4,0.9,.417,.509,0.3,0.4,.778,0.4,1.7,2.1,1.1,0.7,0.3,0.7,1.8,3.0
242,Tyler Johnson\johnsty01,SG,28,BRK,28,2,16.6,1.8,4.6,.391,1.2,3.2,.367,0.6,1.4,.447,.520,0.6,0.7,.842,0.1,1.8,1.9,1.0,0.4,0.0,0.3,1.0,5.3
243,Nikola Jokić\jokicni01,C,25,DEN,46,46,35.7,10.6,18.6,.571,1.5,3.6,.428,9.1,15.0,.605,.612,4.1,4.8,.868,2.9,8.2,11.1,8.5,1.6,0.7,3.0,2.7,26.9
244,Damian Jones\jonesda03,C,25,TOT,22,6,9.4,1.1,1.5,.727,0.0,0.0,.000,1.1,1.5,.750,.727,0.8,1.0,.739,0.7,1.3,2.0,0.2,0.1,0.5,0.5,1.9,3.0
244,Damian Jones\jonesda03,C,25,PHO,14,0,6.7,0.6,1.1,.500,0.0,0.1,.000,0.6,1.1,.533,.500,0.4,0.8,.545,0.5,0.8,1.3,0.3,0.1,0.4,0.4,1.4,1.6
244,Damian Jones\jonesda03,C,25,LAL,8,6,14.0,2.0,2.1,.941,0.0,0.0,,2.0,2.1,.941,.941,1.4,1.5,.917,1.0,2.3,3.3,0.1,0.1,0.9,0.6,2.8,5.4
245,Derrick Jones Jr.\jonesde02,SF,23,POR,42,40,26.2,3.0,6.1,.496,0.9,2.7,.330,2.1,3.4,.631,.570,1.2,1.8,.653,1.6,2.6,4.3,0.9,0.8,1.1,0.6,2.5,8.1
246,Mason Jones\jonesma05,SG,22,HOU,26,1,11.8,1.8,4.4,.412,0.9,2.5,.359,0.9,1.9,.480,.513,1.3,2.2,.614,0.2,1.8,2.0,1.5,0.2,0.0,1.1,0.8,5.8
247,Tre Jones\jonestr01,PG,21,SAS,21,0,4.3,0.7,1.5,.484,0.0,0.0,1.000,0.7,1.4,.467,.500,0.2,0.2,1.000,0.2,0.2,0.4,0.5,0.1,0.0,0.3,0.2,1.7
248,Tyus Jones\jonesty01,PG,24,MEM,44,8,19.7,2.9,6.8,.433,0.6,2.3,.283,2.3,4.5,.508,.480,0.5,0.6,.889,0.3,1.9,2.2,4.1,1.1,0.1,0.8,0.5,7.0
249,DeAndre Jordan\jordade01,C,32,BRK,45,35,22.4,3.4,4.5,.767,0.0,0.0,.000,3.4,4.5,.771,.767,0.7,1.4,.492,2.0,5.3,7.3,1.7,0.3,1.2,1.5,2.1,7.6
250,Cory Joseph\josepco01,PG,29,TOT,47,2,21.6,2.6,5.8,.445,0.7,2.1,.330,1.9,3.7,.512,.506,1.0,1.3,.800,0.6,1.8,2.4,2.5,0.9,0.2,1.1,2.2,6.9
250,Cory Joseph\josepco01,PG,29,SAC,44,2,21.5,2.5,5.7,.444,0.7,2.1,.330,1.8,3.5,.513,.506,0.8,1.1,.766,0.6,1.7,2.3,2.5,0.9,0.2,1.0,2.2,6.6
250,Cory Joseph\josepco01,G,29,DET,3,0,24.0,3.3,7.3,.455,0.7,2.0,.333,2.7,5.3,.500,.500,4.0,4.3,.923,0.7,3.3,4.0,3.7,1.3,0.3,2.0,2.3,11.3
251,Mfiondu Kabengele\kabenmf01,PF,23,LAC,23,0,4.1,0.4,1.4,.281,0.2,0.8,.222,0.2,0.6,.357,.344,0.2,0.3,.833,0.0,0.6,0.6,0.2,0.1,0.1,0.3,0.8,1.2
252,Frank Kaminsky\kaminfr01,C,27,PHO,32,13,15.1,2.6,5.4,.471,0.8,2.0,.406,1.8,3.4,.509,.546,0.6,1.0,.606,0.7,3.0,3.7,1.6,0.3,0.4,0.5,1.3,6.6
253,Enes Kanter\kanteen01,C,28,POR,46,32,26.7,5.2,8.5,.605,0.0,0.0,.000,5.2,8.5,.606,.605,1.9,2.5,.781,4.3,7.4,11.7,1.2,0.5,0.7,1.2,2.6,12.2
254,Luke Kennard\kennalu01,SG,24,LAC,42,8,19.5,3.0,6.2,.494,1.6,3.4,.489,1.4,2.8,.500,.627,0.3,0.4,.824,0.3,2.5,2.7,1.7,0.3,0.2,0.7,1.4,8.1
255,Maxi Kleber\klebima01,PF,29,DAL,33,27,27.8,2.5,5.6,.441,1.9,4.3,.444,0.6,1.3,.432,.610,0.9,0.9,.935,0.9,4.6,5.5,1.3,0.5,0.8,0.5,2.3,7.8
256,Nathan Knight\knighna01,PF,23,ATL,18,0,7.5,1.1,2.6,.435,0.3,0.8,.333,0.8,1.7,.484,.489,1.4,1.6,.893,0.9,1.1,2.0,0.2,0.2,0.3,0.6,0.7,3.9
257,Kevin Knox\knoxke01,SF,21,NYK,32,0,13.4,1.6,4.1,.392,1.0,2.5,.388,0.6,1.6,.400,.512,0.4,0.5,.813,0.3,1.4,1.7,0.5,0.3,0.2,0.5,1.1,4.6
258,John Konchar\konchjo01,SG,24,MEM,22,0,14.8,1.4,3.2,.437,0.4,1.1,.360,1.0,2.1,.478,.500,0.8,0.9,.850,1.0,2.3,3.3,1.1,0.9,0.2,0.4,1.2,4.0
259,Furkan Korkmaz\korkmfu01,SG,23,PHI,35,5,19.3,3.0,7.5,.399,1.7,4.6,.366,1.3,2.9,.451,.511,1.2,1.6,.737,0.3,1.9,2.1,1.1,0.7,0.1,0.9,1.2,8.9
260,Luke Kornet\kornelu01,PF,25,TOT,15,0,8.0,1.1,2.5,.421,0.7,2.0,.333,0.4,0.5,.750,.553,0.1,0.3,.400,0.3,1.3,1.6,0.5,0.1,0.5,0.2,0.1,2.9
260,Luke Kornet\kornelu01,PF,25,CHI,13,0,7.2,0.7,2.1,.333,0.5,1.8,.261,0.2,0.3,.750,.444,0.2,0.3,.500,0.1,1.1,1.2,0.3,0.2,0.5,0.1,0.1,2.0
260,Luke Kornet\kornelu01,F,25,BOS,2,0,13.0,3.5,5.5,.636,2.0,3.5,.571,1.5,2.0,.750,.818,0.0,0.5,.000,1.5,3.0,4.5,1.5,0.0,0.5,1.0,0.5,9.0
261,Rodions Kurucs\kurucro01,SF-PF,22,TOT,16,0,5.7,0.4,1.5,.250,0.2,1.1,.176,0.2,0.4,.429,.313,0.1,0.1,.500,0.1,0.8,0.9,0.4,0.4,0.3,0.6,0.5,1.0
261,Rodions Kurucs\kurucro01,PF,22,BRK,5,0,3.2,0.2,0.6,.333,0.2,0.4,.500,0.0,0.2,.000,.500,0.0,0.0,,0.0,0.6,0.6,0.4,0.0,0.0,0.0,0.2,0.6
261,Rodions Kurucs\kurucro01,SF,22,HOU,11,0,6.8,0.5,1.9,.238,0.2,1.4,.133,0.3,0.5,.500,.286,0.1,0.2,.500,0.2,0.8,1.0,0.4,0.5,0.4,0.8,0.6,1.2
262,Kyle Kuzma\kuzmaky01,SF,25,LAL,46,16,27.4,4.8,11.0,.438,2.0,5.5,.367,2.8,5.5,.510,.530,0.8,1.2,.636,1.9,5.0,6.8,1.6,0.5,0.5,1.7,1.8,12.4
263,Anthony Lamb\lamban01,SF,23,HOU,8,0,14.4,0.9,4.1,.212,0.4,2.4,.158,0.5,1.8,.286,.258,0.4,0.5,.750,1.5,1.9,3.4,0.3,0.1,0.1,0.4,1.8,2.5
264,Jeremy Lamb\lambje01,SG,28,IND,28,8,21.5,3.4,7.7,.444,1.5,3.6,.416,1.9,4.1,.470,.542,2.1,2.2,.951,0.7,2.8,3.5,1.6,0.8,0.5,0.6,2.0,10.4
265,Zach LaVine\lavinza01,SG,25,CHI,45,45,35.0,9.8,19.2,.513,3.4,8.0,.428,6.4,11.2,.574,.602,4.4,5.1,.866,0.6,4.4,5.0,4.8,0.9,0.4,3.8,2.5,27.5
266,Jake Layman\laymaja01,SF,26,MIN,33,10,16.1,2.3,4.6,.490,0.6,2.0,.292,1.7,2.7,.636,.552,0.7,0.9,.767,0.4,1.5,1.8,0.8,0.8,0.5,0.7,1.1,5.8
267,Jalen Lecque\lecquja01,PG,20,IND,4,0,3.0,0.3,2.3,.111,0.0,0.3,.000,0.3,2.0,.125,.111,0.8,0.8,1.000,0.5,0.8,1.3,0.5,0.0,0.0,0.0,0.0,1.3
268,Damion Lee\leeda03,SG,28,GSW,46,1,18.8,2.2,4.8,.457,1.4,3.6,.390,0.8,1.3,.644,.601,0.7,0.8,.895,0.3,2.8,3.1,1.4,0.6,0.1,0.5,1.5,6.6
269,Saben Lee\leesa01,PG,21,DET,25,2,15.3,2.2,4.4,.495,0.2,0.4,.545,1.9,3.9,.490,.523,1.6,2.5,.645,0.4,1.2,1.7,2.9,0.6,0.3,0.9,1.6,6.2
270,Alex Len\lenal01,C,27,TOT,37,15,15.0,2.5,3.9,.639,0.2,0.6,.286,2.3,3.3,.699,.660,1.2,1.9,.606,0.9,2.6,3.5,0.9,0.3,1.1,0.9,2.0,6.3
270,Alex Len\lenal01,C,27,TOR,7,2,10.9,0.7,1.4,.500,0.4,0.9,.500,0.3,0.6,.500,.650,0.4,0.9,.500,0.0,1.6,1.6,0.4,0.1,0.9,1.1,1.4,2.3
270,Alex Len\lenal01,C,27,WAS,30,13,15.9,2.9,4.5,.649,0.1,0.5,.200,2.8,4.0,.706,.660,1.3,2.2,.615,1.1,2.9,4.0,1.0,0.3,1.2,0.8,2.1,7.2
271,Kawhi Leonard\leonaka01,SF,29,LAC,39,39,34.5,9.4,18.2,.515,1.9,5.0,.383,7.5,13.2,.566,.568,5.2,6.0,.871,1.0,5.3,6.3,4.9,1.8,0.5,1.9,1.6,25.9
272,Meyers Leonard\leoname01,C,28,MIA,3,2,9.7,1.0,2.3,.429,1.0,2.3,.429,0.0,0.0,,.643,0.3,0.7,.500,0.0,2.3,2.3,0.7,0.0,0.0,0.7,1.7,3.3
273,Caris LeVert\leverca01,SG,26,TOT,21,13,29.7,6.5,15.9,.410,1.9,5.5,.336,4.7,10.4,.450,.469,2.1,2.6,.800,0.7,3.7,4.4,5.1,1.2,0.3,1.8,1.7,17.0
273,Caris LeVert\leverca01,SG,26,BRK,12,4,27.8,7.3,16.7,.435,1.8,5.3,.349,5.4,11.4,.474,.490,2.2,2.8,.765,0.8,3.5,4.3,6.0,1.1,0.5,2.2,1.7,18.5
273,Caris LeVert\leverca01,SG,26,IND,9,9,32.1,5.6,14.9,.373,1.9,5.9,.321,3.7,9.0,.407,.437,2.0,2.3,.857,0.6,3.9,4.4,3.9,1.4,0.0,1.3,1.8,15.0
274,Kira Lewis Jr.\lewiski01,PG,19,NOP,31,0,14.8,2.4,5.7,.418,0.7,2.1,.359,1.6,3.6,.451,.483,0.6,0.9,.741,0.1,0.9,1.1,2.2,0.7,0.1,0.4,1.3,6.2
275,Damian Lillard\lillada01,PG,30,POR,44,44,36.2,9.2,20.6,.446,4.2,11.1,.374,5.0,9.5,.531,.548,7.3,7.7,.944,0.5,3.8,4.3,7.8,0.9,0.3,3.2,1.6,29.8
276,Nassir Little\littlna01,PF,20,POR,29,2,13.9,1.7,3.7,.449,0.8,2.0,.379,0.9,1.7,.531,.551,1.0,1.2,.857,0.7,1.8,2.6,0.4,0.1,0.4,0.4,1.1,5.1
277,Kevon Looney\looneke01,C,24,GSW,36,15,15.4,1.6,2.7,.592,0.1,0.3,.444,1.5,2.5,.607,.612,0.6,0.8,.741,1.6,2.4,4.1,1.8,0.4,0.4,0.6,2.0,3.9
278,Brook Lopez\lopezbr01,C,32,MIL,46,46,27.1,4.1,8.8,.468,1.5,4.4,.333,2.7,4.5,.600,.550,1.6,1.9,.837,1.5,3.6,5.1,0.7,0.7,1.4,1.0,2.0,11.3
279,Robin Lopez\lopezro01,C,32,WAS,45,9,19.9,3.2,5.5,.589,0.1,0.3,.333,3.1,5.2,.605,.599,1.5,2.1,.705,2.2,1.9,4.1,0.8,0.3,0.6,1.0,1.8,8.1
280,Kevin Love\loveke01,PF,32,CLE,4,4,14.5,1.8,5.5,.318,1.0,3.0,.333,0.8,2.5,.300,.409,1.3,1.8,.714,0.5,2.8,3.3,1.3,0.3,0.0,0.8,0.8,5.8
281,Kyle Lowry\lowryky01,PG,34,TOR,39,39,34.6,5.6,12.9,.436,2.7,6.9,.394,2.9,6.1,.483,.541,3.0,3.4,.881,0.8,4.6,5.4,7.3,1.0,0.3,2.8,3.2,17.0
282,Timothé Luwawu-Cabarrot\luwawti01,SF,25,BRK,40,7,19.4,2.4,6.5,.376,1.5,4.3,.341,1.0,2.2,.443,.488,0.6,0.8,.781,0.5,2.0,2.5,1.3,0.7,0.1,0.8,1.9,6.9
283,Trey Lyles\lylestr01,PF,25,SAS,23,9,15.6,1.9,3.9,.478,0.6,1.7,.350,1.3,2.2,.580,.556,0.7,1.0,.652,0.4,3.3,3.7,0.6,0.3,0.0,0.3,0.6,5.0
284,Will Magnay\magnawi01,C,22,NOP,1,0,3.0,0.0,1.0,.000,0.0,1.0,.000,0.0,0.0,,.000,0.0,0.0,,0.0,0.0,0.0,0.0,0.0,0.0,1.0,1.0,0.0
285,Thon Maker\makerth01,C,23,CLE,8,0,9.5,1.3,2.3,.556,0.0,0.3,.000,1.3,2.0,.625,.556,1.3,1.4,.909,1.0,1.3,2.3,0.5,0.3,0.5,0.4,0.9,3.8
286,Théo Maledon\maledth01,PG,19,OKC,40,24,27.0,3.1,8.0,.383,1.7,4.5,.371,1.4,3.6,.399,.486,0.9,1.2,.761,0.4,2.9,3.3,3.4,1.0,0.1,1.9,2.2,8.7
287,Karim Mané\maneka01,PG,20,ORL,9,0,9.3,0.2,1.3,.167,0.1,0.2,.500,0.1,1.1,.100,.208,0.4,0.4,1.000,0.1,1.4,1.6,0.4,0.0,0.2,0.3,1.0,1.0
288,Terance Mann\mannte01,SG,24,LAC,45,4,17.6,2.3,4.6,.500,0.4,1.1,.388,1.9,3.5,.535,.546,1.1,1.4,.774,0.8,2.9,3.8,1.4,0.4,0.2,0.6,1.8,6.1
289,Nico Mannion\mannini01,PG,19,GSW,17,1,14.3,1.6,4.8,.341,1.1,2.6,.400,0.6,2.2,.270,.451,0.9,1.2,.800,0.1,1.6,1.8,2.8,0.7,0.0,1.1,1.4,5.3
290,Boban Marjanović\marjabo01,C,32,DAL,22,2,8.4,2.0,4.1,.489,0.0,0.2,.000,2.0,3.9,.518,.489,0.6,0.8,.722,1.6,2.5,4.0,0.3,0.0,0.1,0.4,0.9,4.6
291,Lauri Markkanen\markkla01,PF,23,CHI,25,24,29.6,6.2,12.9,.481,2.7,7.0,.391,3.5,5.9,.588,.587,2.1,2.5,.839,0.8,5.0,5.8,0.9,0.5,0.4,1.3,1.8,17.2
292,Naji Marshall\marshna01,SF,23,NOP,7,0,3.3,0.1,0.9,.167,0.0,0.3,.000,0.1,0.6,.250,.167,0.1,0.3,.500,0.0,0.3,0.3,0.3,0.0,0.1,0.1,0.3,0.4
293,Caleb Martin\martica02,SF,25,CHO,31,1,13.9,1.9,4.7,.400,0.6,2.0,.317,1.2,2.6,.463,.469,0.7,1.2,.595,0.6,1.8,2.4,1.0,0.8,0.2,0.7,1.0,5.1
294,Cody Martin\martico01,SF,25,CHO,33,2,13.7,1.6,3.3,.491,0.3,1.0,.273,1.3,2.3,.587,.532,0.5,0.7,.667,0.9,1.7,2.6,1.4,0.5,0.2,0.6,0.9,4.0
295,Kelan Martin\martike03,SF,25,IND,14,0,3.9,0.5,1.5,.333,0.1,0.6,.222,0.4,0.9,.417,.381,0.1,0.1,1.000,0.1,0.8,0.9,0.1,0.2,0.1,0.3,0.4,1.3
296,Kenyon Martin Jr.\martike04,SF,20,HOU,19,0,19.1,2.7,5.3,.510,0.4,1.2,.364,2.3,4.1,.551,.550,1.2,1.5,.759,1.7,2.9,4.6,0.7,0.6,0.9,1.0,1.8,6.9
297,Frank Mason III\masonfr01,PG,26,ORL,4,1,19.8,2.3,6.0,.375,0.5,1.3,.400,1.8,4.8,.368,.417,1.3,1.8,.714,0.8,2.3,3.0,3.0,0.0,0.0,1.3,1.8,6.3
298,Garrison Mathews\mathega01,SG,24,WAS,39,21,18.4,1.9,4.3,.438,1.5,3.5,.422,0.4,0.9,.500,.607,1.5,1.7,.896,0.4,1.3,1.7,0.5,0.6,0.2,0.2,1.9,6.8
299,Dakota Mathias\mathida01,SG,25,PHI,8,2,15.4,2.4,6.0,.396,1.0,3.3,.308,1.4,2.8,.500,.479,0.3,0.8,.333,0.1,0.8,0.9,1.6,0.1,0.4,0.1,0.9,6.0
300,Wesley Matthews\matthwe02,SG,34,LAL,40,5,20.1,1.5,4.1,.358,1.1,3.2,.341,0.4,0.9,.417,.491,0.5,0.5,.857,0.3,1.3,1.6,1.0,0.5,0.3,0.5,1.5,4.5
301,Tyrese Maxey\maxeyty01,SG,20,PHI,40,6,14.7,3.1,6.8,.459,0.5,1.5,.300,2.7,5.3,.505,.493,0.6,0.7,.828,0.2,1.4,1.7,1.6,0.4,0.2,0.6,1.2,7.3
302,Skylar Mays\mayssk01,SG,23,ATL,21,0,7.9,1.1,2.8,.390,0.5,1.3,.370,0.6,1.5,.406,.475,0.8,1.0,.850,0.4,0.6,1.0,1.0,0.3,0.0,0.3,0.5,3.5
303,Patrick McCaw\mccawpa01,SF,25,TOR,5,0,6.6,0.2,0.2,1.000,0.0,0.0,,0.2,0.2,1.000,1.000,0.6,0.6,1.000,0.2,0.4,0.6,0.8,0.4,0.0,0.0,1.2,1.0
304,CJ McCollum\mccolcj01,SG,29,POR,21,21,32.8,8.7,19.7,.441,4.2,10.4,.404,4.5,9.3,.482,.547,2.7,3.1,.877,0.5,3.3,3.9,4.7,1.0,0.5,1.3,1.8,24.2
305,T.J. McConnell\mccontj01,PG,28,IND,42,2,25.2,3.4,6.1,.547,0.2,0.5,.304,3.2,5.6,.570,.560,0.4,0.6,.577,0.7,2.8,3.5,6.5,1.8,0.4,1.8,1.6,7.2
306,Jaden McDaniels\mcdanja02,PF,20,MIN,40,6,21.2,2.4,5.5,.436,1.1,2.8,.372,1.3,2.6,.505,.532,0.4,0.7,.500,0.7,2.7,3.4,1.0,0.5,1.1,0.6,2.3,6.2
307,Jalen McDaniels\mcdanja01,SF,23,CHO,21,1,11.1,1.6,3.6,.440,0.4,1.3,.286,1.2,2.2,.532,.493,0.7,1.0,.714,0.4,1.9,2.2,0.5,0.1,0.2,0.8,1.5,4.2
308,Doug McDermott\mcderdo01,PF,29,IND,43,16,25.0,5.2,10.1,.516,1.7,4.5,.378,3.5,5.6,.627,.600,1.3,1.5,.831,1.0,2.7,3.8,1.4,0.3,0.1,0.9,1.7,13.4
309,Sean McDermott\mcderse01,SF,24,MEM,10,0,13.8,1.2,2.8,.429,0.5,1.8,.278,0.7,1.0,.700,.518,0.8,0.8,1.000,0.5,1.0,1.5,0.4,0.2,0.2,0.4,0.6,3.7
310,JaVale McGee\mcgeeja01,C,33,CLE,33,1,15.2,3.4,6.5,.521,0.2,0.6,.250,3.2,5.9,.549,.533,1.1,1.7,.655,1.6,3.5,5.2,1.0,0.5,1.2,1.4,2.4,8.0
311,Rodney McGruder\mcgruro01,SG,29,DET,16,2,12.1,2.3,4.4,.529,0.7,1.5,.458,1.6,2.9,.565,.607,0.4,0.5,.750,0.5,0.9,1.4,1.0,0.5,0.1,0.4,0.8,5.7
312,Alfonzo McKinnie\mckinal01,SF,28,LAL,25,0,5.1,0.9,1.8,.511,0.3,0.8,.381,0.6,1.0,.625,.600,0.2,0.3,.625,0.4,0.7,1.1,0.1,0.1,0.0,0.1,0.6,2.4
313,Jordan McLaughlin\mclaujo01,PG,24,MIN,27,0,19.4,2.0,5.6,.364,0.6,1.9,.340,1.4,3.7,.376,.421,0.3,0.4,.750,0.5,1.8,2.3,4.6,1.1,0.1,1.1,1.1,5.0
314,Ben McLemore\mclembe01,SG,27,HOU,31,4,17.2,2.5,7.1,.355,1.7,5.2,.327,0.8,1.9,.431,.475,0.7,1.0,.719,0.4,1.8,2.1,0.9,0.6,0.1,0.9,1.6,7.5
315,Nicolò Melli\mellini01,PF,30,TOT,23,0,11.0,0.8,2.7,.286,0.3,1.7,.184,0.5,1.1,.440,.341,0.3,0.3,.857,0.6,2.0,2.6,1.1,0.4,0.0,0.3,1.2,2.1
315,Nicolò Melli\mellini01,PF,30,NOP,22,0,11.0,0.7,2.7,.254,0.3,1.7,.189,0.4,1.0,.364,.314,0.3,0.3,.857,0.5,2.0,2.6,1.1,0.4,0.0,0.3,1.3,2.0
315,Nicolò Melli\mellini01,F,30,DAL,1,0,11.0,3.0,4.0,.750,0.0,1.0,.000,3.0,3.0,1.000,.750,0.0,0.0,,2.0,1.0,3.0,0.0,1.0,0.0,0.0,0.0,6.0
316,De'Anthony Melton\meltode01,PG,22,MEM,32,1,19.8,3.7,7.8,.478,1.7,3.8,.439,2.0,3.9,.516,.586,0.8,1.1,.771,0.6,2.6,3.3,2.7,1.2,0.5,1.2,1.7,10.0
317,Sam Merrill\merrisa01,SG,24,MIL,20,1,7.4,1.0,2.2,.465,0.7,1.4,.464,0.4,0.8,.467,.616,0.1,0.1,1.000,0.3,0.7,1.0,0.8,0.3,0.1,0.4,0.4,2.8
318,Chimezie Metu\metuch01,C,23,SAC,15,0,8.3,1.7,3.1,.565,0.2,0.5,.429,1.5,2.6,.590,.598,0.5,0.7,.700,0.8,1.5,2.3,0.5,0.2,0.6,0.6,1.3,4.1
319,Khris Middleton\middlkh01,SF,29,MIL,45,45,33.4,7.6,15.4,.492,2.2,5.1,.437,5.3,10.2,.520,.565,3.0,3.5,.878,0.8,5.3,6.0,5.4,1.1,0.2,2.8,2.4,20.4
320,Darius Miller\milleda01,SF,30,OKC,14,0,10.4,1.0,2.2,.452,0.8,1.9,.407,0.2,0.3,.750,.629,0.6,0.6,1.000,0.1,1.3,1.4,1.1,0.6,0.3,0.4,0.6,3.4
321,Patty Mills\millspa02,PG,32,SAS,43,0,25.8,4.4,10.1,.438,2.7,6.9,.394,1.7,3.2,.532,.572,1.2,1.3,.911,0.3,1.4,1.7,2.5,0.7,0.0,1.0,1.3,12.8
322,Paul Millsap\millspa01,PF,35,DEN,36,34,23.6,3.6,7.2,.506,1.1,2.8,.373,2.6,4.4,.592,.579,1.4,2.0,.690,1.5,3.6,5.1,1.8,1.0,0.6,0.9,2.1,9.7
323,Shake Milton\miltosh01,SG,24,PHI,38,2,24.6,5.0,11.2,.447,1.0,3.2,.303,4.1,8.0,.505,.491,2.8,3.3,.856,0.6,1.7,2.3,3.0,0.6,0.3,1.7,2.2,13.8
324,Donovan Mitchell\mitchdo01,SG,24,UTA,44,44,33.6,8.8,20.0,.439,3.4,8.6,.399,5.4,11.5,.468,.524,4.7,5.6,.841,1.0,3.5,4.5,5.5,1.0,0.3,3.0,2.2,25.7
325,Adam Mokoka\mokokad01,SG,22,CHI,9,0,5.2,0.7,1.7,.400,0.1,0.9,.125,0.6,0.8,.714,.433,0.0,0.0,,0.1,0.3,0.4,0.4,0.2,0.1,0.2,0.6,1.4
326,Malik Monk\monkma01,SG,22,CHO,31,0,21.7,4.6,10.0,.463,2.2,5.2,.419,2.5,4.9,.510,.571,1.7,2.1,.815,0.4,2.3,2.6,1.8,0.5,0.1,1.5,1.2,13.2
327,E'Twaun Moore\mooreet01,SG,31,PHO,24,1,14.5,1.8,4.3,.422,0.3,1.2,.276,1.5,3.0,.479,.461,0.3,0.4,.800,0.5,1.2,1.8,1.5,0.6,0.2,0.8,1.3,4.3
328,Ja Morant\moranja01,PG,21,MEM,36,36,31.6,6.9,15.7,.438,0.8,3.6,.234,6.1,12.2,.498,.465,4.4,5.8,.762,0.9,2.4,3.4,7.5,0.9,0.2,2.9,1.6,19.1
329,Juwan Morgan\morgaju01,PF,23,UTA,19,0,4.4,0.4,0.9,.412,0.2,0.6,.273,0.2,0.3,.667,.500,0.1,0.3,.200,0.3,0.5,0.8,0.2,0.2,0.0,0.1,0.7,0.9
330,Marcus Morris\morrima03,PF,31,LAC,37,9,25.3,4.5,10.0,.451,2.4,5.2,.466,2.1,4.8,.435,.573,1.2,1.4,.849,0.7,3.1,3.8,1.1,0.5,0.3,0.8,2.0,12.7
331,Markieff Morris\morrima02,PF,31,LAL,41,17,18.7,2.3,5.5,.418,1.1,3.2,.341,1.2,2.3,.527,.518,0.7,0.9,.711,0.7,3.8,4.4,1.0,0.3,0.3,0.8,1.7,6.3
332,Monte Morris\morrimo01,PG,25,DEN,36,10,27.2,4.0,8.5,.471,1.1,3.2,.351,2.9,5.3,.542,.536,1.3,1.8,.762,0.2,2.0,2.2,3.4,0.7,0.3,0.7,1.0,10.4
333,Mychal Mulder\muldemy01,PG,26,GSW,39,2,10.1,1.3,3.0,.419,1.0,2.6,.396,0.2,0.4,.563,.590,0.3,0.4,.588,0.0,0.8,0.8,0.4,0.2,0.2,0.2,0.7,3.8
334,Dejounte Murray\murrade01,PG,24,SAS,43,43,31.4,6.6,14.4,.456,0.9,3.0,.313,5.6,11.4,.493,.488,1.6,2.0,.814,0.7,6.3,7.0,5.3,1.4,0.1,1.7,2.0,15.7
335,Jamal Murray\murraja01,PG,23,DEN,44,44,35.4,7.8,16.3,.481,2.7,6.5,.411,5.2,9.8,.528,.563,2.7,3.2,.856,0.8,3.1,3.9,4.9,1.3,0.3,2.3,2.0,21.0
336,Mike Muscala\muscami01,C,29,OKC,35,0,18.4,3.4,7.6,.446,1.9,5.3,.370,1.5,2.4,.614,.573,0.9,1.0,.917,0.5,3.2,3.8,0.8,0.2,0.3,0.6,1.5,9.7
337,Sviatoslav Mykhailiuk\mykhasv01,SF,23,TOT,42,6,18.0,2.5,6.5,.387,1.6,4.8,.335,0.9,1.8,.527,.509,0.6,0.7,.800,0.3,1.8,2.1,1.6,0.8,0.1,1.1,0.8,7.2
337,Sviatoslav Mykhailiuk\mykhasv01,SF,23,DET,36,5,17.6,2.3,6.2,.377,1.6,4.8,.333,0.8,1.4,.519,.504,0.7,0.8,.800,0.3,1.8,2.1,1.6,0.8,0.2,1.1,0.9,6.9
337,Sviatoslav Mykhailiuk\mykhasv01,G-F,23,OKC,6,1,20.2,3.7,8.5,.431,1.7,4.8,.345,2.0,3.7,.545,.529,0.0,0.0,,0.3,2.0,2.3,1.8,1.0,0.0,1.3,0.3,9.0
338,Abdel Nader\naderab01,SF,27,PHO,24,0,14.8,2.4,4.8,.491,0.8,1.8,.419,1.6,3.0,.534,.569,1.2,1.5,.757,0.3,2.3,2.6,0.8,0.4,0.4,0.8,1.4,6.7
339,Larry Nance Jr.\nancela02,PF,28,CLE,29,27,32.8,4.0,8.1,.487,1.2,3.3,.379,2.7,4.9,.560,.564,0.9,1.4,.634,1.7,5.3,7.1,3.1,1.8,0.6,1.5,2.1,10.1
340,Aaron Nesmith\nesmiaa01,SF,21,BOS,25,0,15.0,1.3,3.4,.376,0.8,2.5,.339,0.4,0.9,.478,.500,0.4,0.6,.714,0.5,1.8,2.3,0.4,0.3,0.2,0.6,1.7,3.8
341,Raul Neto\netora01,PG,28,WAS,40,6,20.5,3.1,6.9,.448,1.0,2.6,.365,2.2,4.3,.497,.516,0.9,1.1,.814,0.4,2.0,2.3,2.2,1.2,0.1,0.8,1.6,8.0
342,Georges Niang\niangge01,PF,27,UTA,46,0,13.7,2.0,4.6,.425,1.3,3.3,.395,0.7,1.3,.500,.566,0.1,0.1,1.000,0.3,1.8,2.1,0.7,0.3,0.1,0.6,1.5,5.3
343,Zeke Nnaji\nnajize01,PF,20,DEN,31,1,10.5,1.4,2.6,.524,0.6,1.5,.413,0.8,1.2,.667,.640,0.4,0.5,.800,0.4,1.3,1.7,0.2,0.1,0.1,0.2,0.7,3.8
344,Nerlens Noel\noelne01,C,26,NYK,41,18,22.8,2.2,3.5,.614,0.0,0.0,.000,2.2,3.5,.622,.614,0.6,0.9,.658,2.2,4.0,6.2,0.7,1.0,2.0,1.2,2.6,5.0
345,Jaylen Nowell\nowelja01,SG,21,MIN,33,0,19.4,3.9,8.6,.449,1.4,3.8,.362,2.5,4.8,.519,.530,1.2,1.4,.830,0.5,1.8,2.3,1.6,0.6,0.3,0.7,2.0,10.3
346,Frank Ntilikina\ntilila01,PG,22,NYK,17,4,14.7,1.4,3.8,.359,1.0,2.2,.459,0.4,1.6,.222,.492,0.4,0.7,.500,0.2,1.1,1.4,0.8,0.8,0.1,0.6,1.9,4.1
347,Kendrick Nunn\nunnke01,PG,25,MIA,38,26,28.6,5.2,11.4,.457,2.0,5.4,.372,3.2,5.9,.535,.546,1.0,1.1,.907,0.4,2.7,3.1,2.6,1.0,0.2,1.5,1.8,13.5
348,Jusuf Nurkić\nurkiju01,C,26,POR,14,14,22.7,4.1,8.3,.491,0.4,1.1,.313,3.7,7.1,.520,.513,1.2,2.4,.515,1.9,5.5,7.4,2.6,0.9,0.9,1.9,2.9,9.7
349,David Nwaba\nwabada01,SF,28,HOU,30,9,22.6,3.5,7.3,.486,0.6,2.1,.270,3.0,5.2,.574,.525,1.6,2.3,.691,1.3,2.6,3.9,1.0,1.0,0.7,0.6,2.0,9.2
350,Jordan Nwora\nworajo01,SF,22,MIL,15,1,8.9,1.7,4.1,.410,0.8,1.7,.480,0.9,2.4,.361,.508,0.9,1.1,.765,0.2,1.7,1.9,0.3,0.4,0.2,0.9,0.7,5.0
351,Royce O'Neale\onealro01,SF,27,UTA,46,46,32.0,2.5,5.6,.455,1.7,4.0,.414,0.9,1.5,.563,.605,0.6,0.7,.844,1.2,5.5,6.7,2.5,0.8,0.5,1.2,2.8,7.3
352,Semi Ojeleye\ojelese01,PF,26,BOS,40,9,19.1,1.8,4.4,.408,1.2,3.1,.392,0.6,1.2,.449,.549,0.6,0.8,.733,0.6,2.3,2.9,0.8,0.3,0.0,0.4,1.1,5.3
353,Jahlil Okafor\okafoja01,C,25,DET,12,0,10.0,2.1,3.5,.595,0.0,0.3,.000,2.1,3.3,.641,.595,0.1,0.2,.500,1.1,1.2,2.3,0.3,0.2,0.2,0.3,0.8,4.3
354,Chuma Okeke\okekech01,PF,22,ORL,30,4,22.5,2.1,5.1,.418,1.1,2.7,.413,1.0,2.4,.425,.526,0.4,0.6,.647,0.8,2.8,3.7,1.9,0.8,0.4,0.7,1.0,5.7
355,Josh Okogie\okogijo01,SG,22,MIN,36,21,19.8,1.5,4.4,.350,0.4,1.8,.227,1.1,2.5,.440,.398,1.3,1.6,.814,0.9,1.6,2.6,1.2,0.9,0.4,0.7,2.1,4.8
356,Onyeka Okongwu\okongon01,C,20,ATL,24,1,9.0,1.1,1.9,.587,0.0,0.0,.000,1.1,1.9,.600,.587,0.4,0.7,.588,0.7,1.6,2.3,0.2,0.3,0.5,0.4,1.5,2.7
357,Isaac Okoro\okorois01,SG,20,CLE,42,42,32.0,2.9,7.1,.405,0.8,2.9,.283,2.1,4.3,.486,.462,1.2,1.7,.694,0.9,1.9,2.7,1.8,1.0,0.5,1.5,2.8,7.8
358,KZ Okpala\okpalkz01,PF,21,MIA,25,9,12.9,1.1,2.6,.409,0.4,1.5,.297,0.6,1.2,.552,.492,0.1,0.2,.333,0.6,1.4,2.0,0.4,0.2,0.3,0.5,1.8,2.7
359,Victor Oladipo\oladivi01,SG,28,TOT,29,29,33.4,7.6,18.4,.411,2.6,7.7,.333,5.0,10.7,.466,.480,3.2,4.1,.767,0.3,4.7,5.0,4.7,1.3,0.4,2.4,2.3,20.8
359,Victor Oladipo\oladivi01,SG,28,IND,9,9,33.3,7.1,16.9,.421,2.8,7.7,.362,4.3,9.2,.470,.503,3.0,4.1,.730,0.1,5.6,5.7,4.2,1.7,0.2,2.0,2.6,20.0
359,Victor Oladipo\oladivi01,SG,28,HOU,20,20,33.5,7.8,19.1,.407,2.5,7.7,.320,5.3,11.4,.465,.471,3.3,4.2,.783,0.4,4.4,4.8,5.0,1.2,0.5,2.6,2.3,21.2
360,Kelly Olynyk\olynyke01,C,29,TOT,45,40,27.0,3.9,8.9,.441,1.8,5.6,.319,2.1,3.3,.653,.542,0.8,1.0,.809,1.0,5.1,6.1,2.2,1.0,0.6,1.3,2.8,10.5
360,Kelly Olynyk\olynyke01,C,29,MIA,43,38,26.9,3.8,8.7,.431,1.8,5.7,.317,2.0,3.1,.639,.533,0.7,0.9,.775,1.0,5.0,6.1,2.1,0.9,0.6,1.3,2.9,10.0
360,Kelly Olynyk\olynyke01,C-F,29,HOU,2,2,29.5,7.5,12.5,.600,2.0,5.5,.364,5.5,7.0,.786,.680,3.5,3.5,1.000,0.0,6.5,6.5,3.0,2.0,1.0,1.0,2.5,20.5
361,Miye Oni\onimi01,SG,23,UTA,32,0,8.2,0.7,1.8,.375,0.6,1.5,.388,0.1,0.2,.286,.545,0.2,0.2,.833,0.4,1.3,1.7,0.3,0.2,0.2,0.3,1.2,2.1
362,Cedi Osman\osmande01,SF,25,CLE,44,17,25.0,3.5,10.0,.353,1.8,5.7,.307,1.8,4.3,.415,.441,1.2,1.6,.754,0.6,2.8,3.5,2.6,1.0,0.1,1.1,1.9,10.0
363,Daniel Oturu\oturuda01,C,21,LAC,16,0,4.6,0.8,1.4,.522,0.0,0.1,.000,0.8,1.4,.545,.522,0.1,0.3,.500,0.5,0.8,1.3,0.4,0.1,0.2,0.3,0.7,1.6
364,Kelly Oubre Jr.\oubreke01,SF,25,GSW,45,45,30.6,5.8,13.2,.437,1.6,5.1,.304,4.2,8.1,.521,.496,2.2,3.1,.693,1.5,4.5,6.0,1.4,1.0,0.8,1.2,2.3,15.2
365,Jabari Parker\parkeja01,PF,25,SAC,3,0,9.0,1.3,2.3,.571,0.0,0.3,.000,1.3,2.0,.667,.571,0.0,0.0,,0.3,1.7,2.0,0.3,0.0,0.3,1.0,1.3,2.7
366,Eric Paschall\pascher01,PF,24,GSW,38,2,17.2,3.7,7.5,.496,0.4,1.3,.320,3.3,6.2,.534,.525,1.6,2.3,.713,0.7,2.4,3.1,1.3,0.3,0.2,1.0,1.7,9.5
367,Anžejs Pasečņiks\pasecan01,C,25,WAS,1,0,6.0,0.0,1.0,.000,0.0,1.0,.000,0.0,0.0,,.000,0.0,0.0,,1.0,0.0,1.0,1.0,0.0,0.0,5.0,2.0,0.0
368,Patrick Patterson\pattepa01,PF,31,LAC,19,2,12.9,1.7,3.5,.493,1.0,2.4,.422,0.7,1.2,.636,.634,0.2,0.3,.667,0.4,1.3,1.7,0.6,0.5,0.1,0.4,1.4,4.7
369,Justin Patton\pattoju01,C,23,HOU,13,6,19.0,2.2,5.4,.414,0.7,2.6,.265,1.5,2.8,.556,.479,0.2,0.3,.750,1.1,2.7,3.8,1.1,0.9,1.1,0.3,2.6,5.4
370,Chris Paul\paulch01,PG,35,PHO,44,44,31.9,6.0,12.5,.481,1.4,3.8,.364,4.7,8.8,.531,.535,2.5,2.7,.941,0.4,4.3,4.7,8.5,1.4,0.3,2.3,2.5,16.0
371,Cameron Payne\payneca01,PG,26,PHO,34,0,16.9,2.5,5.3,.475,1.0,2.4,.415,1.5,2.9,.525,.569,0.8,0.9,.897,0.2,1.9,2.1,3.6,0.6,0.2,1.1,1.7,6.8
372,Elfrid Payton\paytoel01,PG,26,NYK,38,38,27.2,5.0,11.4,.438,0.4,1.8,.243,4.6,9.6,.475,.457,1.6,2.2,.714,1.3,2.4,3.7,3.5,0.7,0.2,1.8,1.9,12.0
373,Norvel Pelle\pelleno01,C,27,TOT,4,0,8.0,0.8,2.0,.375,0.0,0.0,,0.8,2.0,.375,.375,0.8,1.0,.750,1.0,1.0,2.0,0.3,0.0,0.8,0.8,2.5,2.3
373,Norvel Pelle\pelleno01,C,27,BRK,3,0,9.3,1.0,2.3,.429,0.0,0.0,,1.0,2.3,.429,.429,0.0,0.0,,1.0,1.3,2.3,0.0,0.0,1.0,1.0,3.0,2.0
373,Norvel Pelle\pelleno01,C,27,SAC,1,0,4.0,0.0,1.0,.000,0.0,0.0,,0.0,1.0,.000,.000,3.0,4.0,.750,1.0,0.0,1.0,1.0,0.0,0.0,0.0,1.0,3.0
374,Reggie Perry\perryre01,PF,20,BRK,15,0,11.7,1.7,4.0,.417,0.3,1.1,.250,1.4,2.9,.477,.450,0.5,0.7,.727,1.3,2.7,3.9,0.9,0.3,0.3,0.8,1.9,4.1
375,Theo Pinson\pinsoth01,SG,25,NYK,13,0,2.2,0.1,0.6,.125,0.0,0.5,.000,0.1,0.1,1.000,.125,0.0,0.0,,0.0,0.2,0.2,0.1,0.0,0.0,0.1,0.2,0.2
376,Mason Plumlee\plumlma01,C,30,DET,44,44,27.5,4.1,6.8,.601,0.0,0.2,.000,4.1,6.6,.615,.601,2.1,3.3,.653,2.7,6.8,9.5,3.6,0.9,0.9,2.0,3.5,10.3
377,Jakob Poeltl\poeltja01,C,25,SAS,44,26,24.7,3.5,5.6,.628,0.0,0.0,,3.5,5.6,.628,.628,0.6,1.7,.384,3.1,4.7,7.8,1.8,0.5,1.7,1.3,2.2,7.7
378,Vincent Poirier\poirivi01,C,27,PHI,10,0,3.9,0.3,1.2,.250,0.0,0.1,.000,0.3,1.1,.273,.250,0.2,0.6,.333,0.6,0.8,1.4,0.2,0.0,0.3,0.4,0.8,0.8
379,Aleksej Pokusevski\pokusal01,PF,19,OKC,27,10,22.6,2.3,7.6,.307,1.0,4.1,.234,1.4,3.5,.394,.371,0.6,0.7,.895,0.7,4.0,4.7,1.8,0.4,1.0,1.6,1.1,6.3
380,Jordan Poole\poolejo01,SG,21,GSW,26,5,17.2,3.8,8.0,.471,1.7,4.5,.373,2.1,3.5,.600,.577,1.8,2.0,.922,0.2,1.4,1.6,1.7,0.3,0.1,0.8,1.3,11.0
381,Jontay Porter\portejo01,PF,21,MEM,2,0,5.0,1.0,2.0,.500,0.5,1.0,.500,0.5,1.0,.500,.625,0.0,0.0,,1.0,2.5,3.5,0.5,1.0,0.0,1.0,0.5,2.5
382,Kevin Porter Jr.\porteke02,SG,20,HOU,9,6,30.1,6.2,14.4,.431,1.3,6.1,.218,4.9,8.3,.587,.477,1.7,2.6,.652,0.2,2.7,2.9,5.8,1.0,0.6,3.0,2.0,15.4
383,Michael Porter Jr.\portemi01,SF,22,DEN,36,29,29.6,6.2,11.7,.527,2.4,5.6,.440,3.7,6.1,.606,.632,1.5,2.0,.746,1.6,5.8,7.4,0.9,0.7,0.9,1.1,2.1,16.3
384,Otto Porter\porteot01,SF,27,TOT,26,6,21.7,3.5,8.0,.435,1.5,3.8,.390,2.0,4.2,.477,.529,1.2,1.4,.838,1.1,4.4,5.5,2.0,0.5,0.2,1.0,1.5,9.7
384,Otto Porter\porteot01,SF,27,CHI,25,6,21.6,3.6,8.1,.441,1.5,3.8,.400,2.0,4.3,.477,.535,1.2,1.5,.838,1.1,4.4,5.5,2.0,0.5,0.2,1.0,1.5,9.9
384,Otto Porter\porteot01,F,27,ORL,1,0,25.0,2.0,7.0,.286,1.0,5.0,.200,1.0,2.0,.500,.357,0.0,0.0,,0.0,4.0,4.0,1.0,1.0,0.0,0.0,3.0,5.0
385,Bobby Portis\portibo01,C,25,MIL,43,2,21.0,4.6,8.6,.538,1.1,2.4,.480,3.5,6.2,.560,.604,0.7,0.9,.737,1.8,5.0,6.8,1.1,0.8,0.4,0.8,1.8,11.0
386,Kristaps Porziņģis\porzikr01,C,25,DAL,29,29,30.4,7.7,16.1,.481,2.3,6.2,.365,5.4,9.8,.554,.552,2.7,3.2,.839,1.9,7.0,8.9,1.6,0.4,1.6,1.3,2.8,20.4
387,Dwight Powell\poweldw01,C,29,DAL,32,8,14.6,1.4,2.9,.489,0.1,0.5,.235,1.3,2.4,.545,.511,1.6,2.1,.773,1.1,2.3,3.4,0.8,0.5,0.3,0.6,2.4,4.6
388,Norman Powell\powelno01,SG,27,TOT,44,33,30.5,6.6,13.3,.499,2.8,6.3,.446,3.8,7.0,.547,.605,3.4,4.0,.847,0.5,2.5,3.0,1.8,1.1,0.2,1.9,2.4,19.5
388,Norman Powell\powelno01,SG,27,TOR,42,31,30.4,6.7,13.5,.498,2.8,6.4,.439,3.9,7.1,.552,.602,3.4,3.9,.865,0.5,2.5,3.0,1.8,1.1,0.2,1.8,2.3,19.6
388,Norman Powell\powelno01,G,27,POR,2,2,31.5,5.0,9.5,.526,3.0,4.5,.667,2.0,5.0,.400,.684,4.5,7.0,.643,0.5,2.0,2.5,0.5,1.5,0.5,2.5,4.0,17.5
389,Taurean Prince\princta02,PF,26,TOT,30,10,21.3,2.7,7.2,.373,1.3,3.5,.381,1.4,3.7,.366,.465,1.5,1.8,.849,0.5,3.0,3.5,1.7,0.6,0.6,1.1,1.8,8.2
389,Taurean Prince\princta02,PF,26,BRK,12,4,18.2,2.5,6.2,.405,1.1,3.1,.351,1.4,3.1,.459,.493,2.0,2.3,.889,0.2,2.7,2.8,0.6,0.7,0.7,0.9,1.8,8.1
389,Taurean Prince\princta02,PF,26,CLE,18,6,23.3,2.8,7.9,.357,1.5,3.8,.397,1.3,4.2,.320,.451,1.2,1.4,.808,0.7,3.2,3.9,2.4,0.6,0.6,1.2,1.8,8.3
390,Payton Pritchard\pritcpa01,SG,23,BOS,41,1,19.7,2.7,6.0,.459,1.4,3.3,.418,1.4,2.7,.509,.574,0.5,0.5,.864,0.6,1.7,2.2,2.0,0.6,0.2,0.9,1.9,7.3
391,Immanuel Quickley\quickim01,PG,21,NYK,42,3,20.0,4.0,10.2,.391,2.0,5.3,.376,2.0,5.0,.407,.487,2.8,3.2,.888,0.5,1.8,2.3,2.3,0.5,0.2,1.0,2.0,12.8
392,Jahmi'us Ramsey\ramseja01,SG,19,SAC,5,0,3.4,0.6,1.0,.600,0.2,0.6,.333,0.4,0.4,1.000,.700,0.0,0.0,,0.0,0.8,0.8,0.2,0.0,0.2,0.2,0.0,1.4
393,Chasson Randle\randlch01,PG,27,ORL,17,3,21.2,2.0,4.7,.425,1.1,2.9,.380,0.9,1.8,.500,.544,0.8,0.9,.813,0.1,1.8,1.9,2.5,0.3,0.1,1.1,1.9,5.9
394,Julius Randle\randlju01,PF,26,NYK,46,46,37.0,8.2,17.6,.468,2.0,4.8,.419,6.2,12.7,.486,.525,4.6,5.8,.787,1.4,9.3,10.8,5.8,0.9,0.2,3.3,3.1,23.0
395,Cam Reddish\reddica01,SF,21,ATL,26,21,28.8,3.7,10.1,.365,1.3,4.8,.262,2.4,5.3,.460,.428,2.6,3.2,.817,0.8,3.2,4.0,1.3,1.3,0.3,1.3,2.6,11.2
396,J.J. Redick\redicjj01,SG,36,NOP,31,0,18.6,2.8,6.9,.407,1.6,4.5,.364,1.2,2.4,.486,.526,1.5,1.5,.957,0.1,1.6,1.7,1.3,0.3,0.1,0.8,1.2,8.7
397,Paul Reed\reedpa01,PF,21,PHI,9,0,8.6,1.6,3.3,.467,0.0,0.6,.000,1.6,2.8,.560,.467,0.0,0.1,.000,1.0,0.9,1.9,0.3,0.2,0.6,0.7,0.9,3.1
398,Naz Reid\reidna01,C,21,MIN,45,13,19.2,4.3,8.2,.522,0.8,2.4,.336,3.5,5.8,.597,.570,1.6,2.4,.698,1.1,3.4,4.5,1.2,0.6,1.1,1.1,2.6,11.0
399,Cameron Reynolds\reynoca01,G,25,SAS,2,0,2.0,0.5,0.5,1.000,0.0,0.0,,0.5,0.5,1.000,1.000,0.0,0.0,,0.0,0.0,0.0,0.0,0.0,0.0,0.0,0.0,1.0
400,Nick Richards\richani01,PF,23,CHO,11,0,3.5,0.3,0.5,.500,0.0,0.0,,0.3,0.5,.500,.500,0.6,1.0,.636,0.2,0.5,0.7,0.0,0.0,0.0,0.1,0.5,1.2
401,Josh Richardson\richajo01,SG,27,DAL,36,36,32.0,4.6,10.5,.435,1.6,4.9,.316,3.0,5.6,.540,.509,2.1,2.3,.926,0.9,2.6,3.5,2.8,0.9,0.4,1.5,2.6,12.8
402,Austin Rivers\riverau01,SG,28,NYK,21,2,21.0,2.8,6.4,.430,1.3,3.7,.364,1.4,2.8,.517,.533,0.5,0.7,.714,0.2,2.0,2.2,2.0,0.6,0.0,1.0,1.5,7.3
403,Andre Roberson\roberan03,SG,29,BRK,5,0,12.6,0.4,2.8,.143,0.2,1.6,.125,0.2,1.2,.167,.179,0.2,0.4,.500,1.4,1.6,3.0,0.8,0.6,0.2,0.4,0.8,1.2
404,Duncan Robinson\robindu01,SF,26,MIA,47,47,32.7,4.2,9.9,.425,3.3,8.5,.394,0.9,1.4,.606,.594,1.0,1.2,.836,0.1,3.7,3.7,1.7,0.6,0.2,1.2,2.5,12.7
405,Glenn Robinson III\robingl02,SF,27,SAC,23,2,16.0,1.8,4.3,.424,0.7,1.9,.364,1.1,2.4,.473,.505,0.9,1.0,.913,0.5,1.5,2.0,0.9,0.2,0.1,0.5,1.0,5.3
406,Jerome Robinson\robinje01,SG,23,WAS,15,4,17.3,1.5,5.2,.295,0.6,2.2,.273,0.9,3.0,.311,.353,1.1,1.3,.800,0.2,2.1,2.3,1.4,0.7,0.3,1.1,1.9,4.7
407,Mitchell Robinson\robinmi01,C,22,NYK,31,29,27.5,3.7,5.7,.653,0.0,0.0,,3.7,5.7,.653,.653,0.8,1.7,.491,3.6,4.5,8.1,0.5,1.1,1.5,0.8,2.8,8.3
408,Isaiah Roby\robyis01,PF,22,OKC,40,20,23.3,3.4,6.8,.506,0.5,1.7,.318,2.9,5.1,.566,.544,1.6,2.2,.724,1.6,4.1,5.6,1.8,0.9,0.7,1.6,2.7,9.0
409,Rajon Rondo\rondora01,PG,34,ATL,27,2,14.9,1.6,4.1,.400,0.6,1.7,.378,1.0,2.4,.415,.477,0.0,0.1,.500,0.1,1.9,2.0,3.5,0.7,0.1,1.4,0.9,3.9
410,Derrick Rose\rosede01,PG,32,TOT,27,3,23.9,5.1,11.9,.430,1.0,2.6,.380,4.1,9.3,.444,.472,2.4,2.8,.842,0.3,1.9,2.1,4.3,1.1,0.4,1.9,1.1,13.6
410,Derrick Rose\rosede01,PG,32,DET,15,0,22.8,5.3,12.3,.429,0.9,2.6,.333,4.4,9.7,.455,.465,2.8,3.3,.840,0.4,1.5,1.9,4.2,1.2,0.3,1.9,1.1,14.2
410,Derrick Rose\rosede01,PG,32,NYK,12,3,25.2,4.9,11.4,.431,1.2,2.7,.438,3.8,8.8,.429,.482,1.8,2.2,.846,0.1,2.3,2.4,4.3,1.1,0.7,1.8,1.2,12.8
411,Terrence Ross\rosste01,SG,29,ORL,36,2,29.6,5.7,13.8,.414,2.3,6.3,.360,3.4,7.5,.459,.496,2.3,2.6,.894,0.3,3.2,3.5,2.3,1.1,0.5,1.7,1.9,16.0
412,Terry Rozier\roziete01,SG,26,CHO,43,43,33.3,7.3,15.3,.476,3.3,8.0,.416,3.9,7.2,.542,.585,2.7,3.1,.844,0.5,3.4,3.9,3.4,1.3,0.3,1.9,1.8,20.5
413,Ricky Rubio\rubiori01,PG,30,MIN,45,30,26.4,2.7,7.1,.387,0.8,2.7,.295,1.9,4.4,.444,.443,2.1,2.4,.845,0.4,2.8,3.2,6.9,1.4,0.0,1.9,2.2,8.3
414,D'Angelo Russell\russeda01,PG,24,MIN,20,19,29.2,7.0,16.3,.426,3.0,7.4,.399,4.0,8.9,.449,.517,2.4,3.2,.750,0.5,2.2,2.6,5.1,1.1,0.5,2.7,2.0,19.3
415,Domantas Sabonis\sabondo01,PF,24,IND,45,45,36.1,7.7,14.6,.526,0.8,2.6,.308,6.9,12.0,.573,.553,4.3,6.0,.721,2.5,8.8,11.3,6.1,1.2,0.6,3.4,3.4,20.4
416,Luka Šamanić\samanlu01,PF,21,SAS,17,1,9.2,1.4,2.9,.490,0.5,1.5,.320,0.9,1.4,.667,.571,0.5,1.0,.529,0.5,1.6,2.2,0.2,0.2,0.2,0.6,0.9,3.8
417,JaKarr Sampson\sampsja02,PF,27,IND,16,0,6.2,0.9,2.1,.455,0.1,0.3,.200,0.9,1.8,.500,.470,0.5,0.6,.800,0.5,1.4,1.9,0.1,0.1,0.2,0.4,0.7,2.4
418,Dario Šarić\saricda01,C,26,PHO,27,0,18.6,3.5,7.8,.452,1.0,3.1,.337,2.5,4.7,.528,.519,1.7,1.9,.902,0.9,3.3,4.2,1.3,0.6,0.1,1.4,2.2,9.8
419,Tomáš Satoranský\satorto01,SG,29,CHI,34,9,22.6,2.9,5.6,.516,0.8,2.0,.403,2.1,3.6,.577,.587,1.3,1.4,.917,0.5,2.0,2.5,4.8,0.7,0.3,1.7,1.4,7.9
420,Dennis Schröder\schrode01,SG,27,LAL,43,43,31.7,5.3,12.0,.436,1.0,3.1,.318,4.3,9.0,.477,.477,3.9,4.6,.839,0.5,3.0,3.5,4.9,1.2,0.2,2.7,2.7,15.4
421,Mike Scott\scottmi01,PF,32,PHI,27,6,17.5,1.3,3.7,.356,1.0,3.0,.321,0.4,0.7,.500,.485,0.2,0.4,.600,0.2,2.4,2.6,0.7,0.6,0.1,0.6,1.3,3.9
422,Collin Sexton\sextoco01,SG,22,CLE,40,40,36.0,8.8,18.5,.476,1.7,4.5,.374,7.2,14.1,.509,.522,4.6,5.7,.803,0.8,2.1,2.9,4.2,1.2,0.1,2.7,2.7,23.9
423,Landry Shamet\shamela01,SG,23,BRK,39,1,20.1,2.5,6.5,.391,1.8,4.9,.374,0.7,1.6,.444,.532,0.9,1.1,.837,0.2,1.6,1.8,1.1,0.5,0.1,0.7,1.3,7.8
424,Iman Shumpert\shumpim01,SG,30,BRK,2,0,5.5,0.5,2.0,.250,0.0,1.5,.000,0.5,0.5,1.000,.250,0.0,0.0,,0.5,0.0,0.5,0.0,0.5,0.0,0.5,0.0,1.0
425,Pascal Siakam\siakapa01,PF,26,TOR,38,38,35.2,7.3,16.2,.448,1.2,4.2,.294,6.0,12.0,.502,.486,4.4,5.3,.826,1.9,5.5,7.4,4.7,1.1,0.7,2.1,3.2,20.1
426,Chris Silva\silvach01,PF,24,TOT,12,0,7.0,0.8,1.2,.714,0.1,0.1,1.000,0.8,1.1,.692,.750,0.9,1.3,.733,0.6,1.5,2.1,0.5,0.1,0.4,0.8,1.7,2.7
426,Chris Silva\silvach01,PF,24,MIA,11,0,7.5,0.8,1.2,.692,0.1,0.1,1.000,0.7,1.1,.667,.731,1.0,1.4,.733,0.6,1.6,2.3,0.5,0.1,0.5,0.8,1.8,2.7
426,Chris Silva\silvach01,F,24,SAC,1,0,1.0,1.0,1.0,1.000,0.0,0.0,,1.0,1.0,1.000,1.000,0.0,0.0,,0.0,0.0,0.0,0.0,0.0,0.0,1.0,0.0,2.0
427,Ben Simmons\simmobe01,PG,24,PHI,38,38,34.0,6.2,11.1,.557,0.1,0.2,.333,6.1,10.8,.562,.561,3.5,5.4,.644,1.8,6.2,7.9,7.5,1.5,0.7,3.7,3.2,15.9
428,Anfernee Simons\simonan01,SG,21,POR,39,0,16.8,2.8,6.8,.409,2.0,4.8,.422,0.7,2.0,.377,.559,0.6,0.8,.774,0.2,2.2,2.4,1.5,0.2,0.1,0.8,1.7,8.2
429,Deividas Sirvydis\sirvyde01,SG,20,DET,8,0,1.6,0.1,0.6,.200,0.1,0.6,.200,0.0,0.0,,.300,0.1,0.3,.500,0.0,0.3,0.3,0.1,0.1,0.0,0.1,0.1,0.5
430,Alen Smailagić\smailal01,PF,20,GSW,4,1,3.8,0.5,1.8,.286,0.3,1.0,.250,0.3,0.8,.333,.357,0.0,0.5,.000,0.0,0.0,0.0,0.0,0.0,0.0,0.0,1.3,1.3
431,Marcus Smart\smartma01,PG,26,BOS,28,25,32.0,4.2,10.6,.399,1.9,5.7,.333,2.3,4.9,.474,.488,2.7,3.4,.781,0.5,2.5,3.0,5.3,1.5,0.5,1.7,2.5,13.0
432,Dennis Smith Jr.\smithde03,PG,23,TOT,19,7,18.4,2.7,6.7,.398,0.9,2.7,.333,1.8,4.1,.442,.465,0.6,0.8,.750,0.6,2.1,2.6,3.5,1.1,0.7,1.2,1.6,6.9
432,Dennis Smith Jr.\smithde03,PG,23,NYK,3,0,9.3,0.7,3.3,.200,0.0,1.3,.000,0.7,2.0,.333,.200,1.7,2.0,.833,0.0,0.7,0.7,1.0,1.0,0.0,0.3,1.3,3.0
432,Dennis Smith Jr.\smithde03,PG,23,DET,16,7,20.1,3.1,7.4,.415,1.1,2.9,.362,2.0,4.4,.451,.487,0.4,0.6,.700,0.7,2.3,3.0,3.9,1.1,0.9,1.4,1.6,7.6
433,Ish Smith\smithis01,PG,32,WAS,19,1,20.6,2.3,6.1,.379,0.3,1.1,.250,2.1,5.1,.406,.401,0.3,0.8,.400,0.5,2.9,3.5,4.7,0.8,0.2,1.0,0.9,5.2
434,Jalen Smith\smithja04,PF,20,PHO,15,0,4.4,0.5,1.4,.381,0.1,0.6,.222,0.4,0.8,.500,.429,0.1,0.2,.333,0.3,0.7,1.0,0.1,0.0,0.1,0.2,0.5,1.3
435,Tony Snell\snellto01,SG,29,ATL,33,16,20.0,1.9,3.7,.516,1.5,2.5,.571,0.5,1.2,.395,.713,0.1,0.1,1.000,0.4,1.9,2.3,1.4,0.2,0.2,0.4,1.5,5.4
436,Ray Spalding\spaldra01,C,23,HOU,2,0,9.5,1.0,2.0,.500,0.0,0.5,.000,1.0,1.5,.667,.500,0.0,1.0,.000,1.0,1.0,2.0,0.0,0.0,1.0,1.5,1.5,2.0
437,Cassius Stanley\stanlca01,SG,21,IND,12,0,2.8,0.3,1.3,.267,0.1,0.4,.200,0.3,0.8,.300,.300,0.3,0.4,.800,0.3,0.3,0.7,0.0,0.0,0.2,0.1,0.7,1.1
438,Lamar Stevens\stevela01,PF,23,CLE,32,0,13.6,1.7,3.9,.444,0.1,0.7,.174,1.6,3.2,.505,.460,1.0,1.4,.705,0.6,2.1,2.7,0.8,0.5,0.4,0.6,1.4,4.5
439,Isaiah Stewart\stewais01,C,19,DET,44,2,19.1,2.8,4.8,.578,0.2,0.4,.421,2.6,4.4,.594,.597,0.7,1.0,.674,2.2,3.5,5.8,0.8,0.5,1.0,0.9,2.4,6.4
440,Max Strus\strusma01,SF,24,MIA,24,0,13.8,2.4,5.1,.467,1.5,4.1,.357,0.9,1.0,.917,.611,0.5,0.7,.688,0.1,0.9,1.0,0.5,0.2,0.0,0.2,1.2,6.7
441,Edmond Sumner\sumneed01,SG,25,IND,32,5,12.3,2.0,4.0,.504,0.6,1.5,.388,1.4,2.5,.575,.578,0.9,1.2,.811,0.4,1.0,1.4,0.5,0.5,0.1,0.8,1.3,5.6
442,Jae'Sean Tate\tateja01,SF,25,HOU,46,34,28.6,4.2,8.2,.520,0.8,2.5,.319,3.5,5.7,.607,.568,1.4,1.9,.716,2.0,3.5,5.5,1.8,1.1,0.6,1.1,3.1,10.6
443,Jayson Tatum\tatumja01,SF,22,BOS,41,41,35.7,9.3,20.6,.451,2.8,7.3,.385,6.5,13.3,.487,.519,3.9,4.6,.861,0.7,6.1,6.8,4.4,1.3,0.5,2.4,1.9,25.3
444,Jeff Teague\teaguje01,PG,32,BOS,34,5,18.1,2.3,5.5,.415,0.8,1.6,.464,1.5,3.9,.394,.484,1.5,1.8,.836,0.3,1.4,1.7,2.1,0.8,0.2,1.1,1.3,6.9
445,Garrett Temple\templga01,SG,34,CHI,37,12,27.1,3.0,7.1,.424,1.2,3.7,.336,1.8,3.4,.520,.511,0.8,1.0,.816,0.6,2.5,3.1,2.0,0.9,0.5,1.0,2.3,8.1
446,Tyrell Terry\terryty01,PG,20,DAL,11,0,5.1,0.5,1.5,.313,0.0,0.6,.000,0.5,0.8,.556,.313,0.1,0.3,.333,0.0,0.5,0.5,0.5,0.5,0.0,0.2,0.2,1.0
447,Daniel Theis\theisda01,C,28,TOT,43,37,24.4,3.8,6.8,.553,0.8,2.2,.344,3.0,4.6,.655,.609,1.1,1.6,.676,1.3,3.9,5.2,1.6,0.6,1.0,1.0,2.8,9.4
447,Daniel Theis\theisda01,C,28,BOS,42,37,24.5,3.8,6.9,.552,0.8,2.3,.347,3.0,4.6,.653,.609,1.1,1.6,.687,1.3,4.0,5.2,1.6,0.6,1.0,1.0,2.9,9.5
447,Daniel Theis\theisda01,C,28,CHI,1,0,22.0,3.0,5.0,.600,0.0,1.0,.000,3.0,4.0,.750,.600,0.0,1.0,.000,1.0,1.0,2.0,3.0,1.0,2.0,1.0,0.0,6.0
448,Brodric Thomas\thomabr01,SG,24,TOT,12,1,11.8,1.1,3.6,.302,0.4,1.9,.217,0.7,1.7,.400,.360,1.4,1.8,.810,0.2,1.1,1.3,1.0,0.6,0.4,0.6,1.2,4.0
448,Brodric Thomas\thomabr01,SG,24,HOU,4,0,6.0,0.5,1.8,.286,0.3,1.5,.167,0.3,0.3,1.000,.357,1.3,1.8,.714,0.3,0.8,1.0,1.0,0.3,0.3,1.0,1.3,2.5
448,Brodric Thomas\thomabr01,SG,24,CLE,8,1,14.6,1.4,4.5,.306,0.5,2.1,.235,0.9,2.4,.368,.361,1.5,1.8,.857,0.1,1.3,1.4,1.0,0.8,0.5,0.4,1.1,4.8
449,Matt Thomas\thomama02,SG,26,TOT,28,0,7.4,0.9,2.5,.377,0.6,1.6,.391,0.3,0.8,.348,.507,0.2,0.3,.857,0.1,0.8,0.9,0.4,0.1,0.0,0.3,0.4,2.7
449,Matt Thomas\thomama02,SG,26,TOR,26,0,7.4,0.9,2.4,.387,0.7,1.6,.415,0.3,0.8,.333,.524,0.2,0.3,.857,0.1,0.7,0.8,0.3,0.1,0.0,0.2,0.4,2.7
449,Matt Thomas\thomama02,G,26,UTA,2,0,8.0,1.0,3.5,.286,0.5,2.5,.200,0.5,1.0,.500,.357,0.0,0.0,,0.5,2.0,2.5,1.0,0.5,0.0,1.5,0.5,2.5
450,Tristan Thompson\thomptr01,PF,29,BOS,36,31,22.5,3.3,6.2,.534,0.0,0.1,.000,3.3,6.1,.541,.534,1.3,2.2,.600,3.1,5.3,8.4,1.0,0.4,0.4,1.0,2.1,7.9
451,Sindarius Thornwell\thornsi01,SG,26,NOP,14,1,5.2,0.5,1.5,.333,0.2,0.6,.333,0.3,0.9,.333,.405,0.0,0.1,.000,0.1,0.3,0.4,0.3,0.4,0.1,0.3,0.2,1.2
452,Matisse Thybulle\thybuma01,SG,23,PHI,43,5,19.0,1.4,3.5,.407,0.7,2.1,.304,0.8,1.3,.569,.500,0.2,0.3,.571,0.5,1.3,1.8,1.0,1.5,1.0,0.4,2.1,3.7
453,Killian Tillie\tilliki02,C,22,MEM,5,0,7.4,0.6,3.0,.200,0.4,1.8,.222,0.2,1.2,.167,.267,0.4,0.6,.667,0.6,0.6,1.2,0.2,0.4,0.6,0.2,1.0,2.0
454,Xavier Tillman Sr.\tillmxa01,PF,22,MEM,34,7,18.6,2.7,5.1,.520,0.3,1.1,.270,2.4,4.1,.587,.549,0.6,0.9,.733,1.3,2.8,4.1,1.4,0.8,0.5,0.8,2.1,6.3
455,Obi Toppin\toppiob01,PF,22,NYK,37,0,11.8,1.7,3.5,.473,0.4,1.4,.280,1.3,2.2,.593,.527,0.3,0.5,.706,0.4,1.8,2.2,0.5,0.3,0.3,0.5,1.0,4.1
456,Juan Toscano-Anderson\toscaju01,SG,27,GSW,32,14,18.5,2.0,3.6,.557,0.7,1.5,.438,1.3,2.1,.642,.648,0.4,0.6,.722,0.6,3.4,4.0,2.2,0.7,0.5,1.0,2.0,5.1
457,Axel Toupane\toupaax01,G-F,28,MIL,4,1,9.8,0.5,1.8,.286,0.0,0.3,.000,0.5,1.5,.333,.286,0.0,0.0,,0.0,1.0,1.0,0.5,0.0,0.8,0.0,0.8,1.0
458,Karl-Anthony Towns\townska01,C,25,MIN,27,27,33.8,8.6,17.3,.496,2.4,5.9,.405,6.2,11.4,.542,.564,4.6,5.4,.862,2.8,7.7,10.5,4.3,0.8,1.6,3.3,3.4,24.1
459,Gary Trent Jr.\trentga02,SG,22,TOT,44,26,30.9,5.2,12.7,.409,2.8,7.3,.388,2.4,5.4,.437,.521,1.3,1.8,.766,0.5,1.8,2.3,1.4,0.9,0.1,0.7,1.6,14.6
459,Gary Trent Jr.\trentga02,SG,22,POR,41,23,30.8,5.3,12.8,.414,3.0,7.4,.397,2.3,5.3,.438,.530,1.4,1.8,.773,0.5,1.7,2.2,1.4,0.9,0.1,0.8,1.5,15.0
459,Gary Trent Jr.\trentga02,G,22,TOR,3,3,32.3,4.0,12.0,.333,1.3,5.7,.235,2.7,6.3,.421,.389,0.3,0.7,.500,0.3,3.3,3.7,1.7,1.0,0.0,0.3,2.3,9.7
460,P.J. Tucker\tuckepj01,PF,35,TOT,35,32,28.7,1.4,3.9,.363,0.8,2.6,.311,0.6,1.3,.467,.467,0.5,0.7,.783,1.0,3.4,4.4,1.3,0.8,0.6,0.9,2.7,4.1
460,P.J. Tucker\tuckepj01,PF,35,HOU,32,32,30.0,1.5,4.1,.366,0.8,2.7,.314,0.7,1.4,.467,.469,0.6,0.7,.783,1.0,3.6,4.6,1.4,0.9,0.6,1.0,2.8,4.4
460,P.J. Tucker\tuckepj01,F,35,MIL,3,0,14.7,0.3,1.3,.250,0.3,1.3,.250,0.0,0.0,,.375,0.0,0.0,,1.0,1.0,2.0,0.3,0.0,0.7,0.0,0.7,1.0
461,Rayjon Tucker\tuckera01,F,23,PHI,2,0,3.0,0.5,0.5,1.000,0.5,0.5,1.000,0.0,0.0,,1.500,3.0,3.0,1.000,0.0,0.5,0.5,0.5,0.0,0.0,0.0,1.0,4.5
462,Myles Turner\turnemy01,C,24,IND,42,42,31.0,4.4,9.3,.477,1.5,4.4,.333,3.0,4.9,.608,.556,2.4,3.0,.786,1.4,5.1,6.4,1.0,0.9,3.5,1.4,3.5,12.7
463,Jonas Valančiūnas\valanjo01,C,28,MEM,39,38,27.6,6.6,11.8,.557,0.3,0.9,.297,6.3,10.8,.579,.568,2.7,3.6,.755,4.0,8.5,12.5,1.7,0.6,0.7,1.9,2.9,16.1
464,Denzel Valentine\valende01,SG,27,CHI,40,3,18.1,2.7,7.3,.373,1.4,4.3,.333,1.3,3.0,.430,.471,0.2,0.2,1.000,0.5,3.4,3.8,1.6,0.6,0.0,0.6,1.1,7.1
465,Jarred Vanderbilt\vandeja01,PF,21,MIN,44,25,17.8,2.2,3.7,.601,0.0,0.1,.250,2.2,3.6,.610,.604,1.0,1.7,.581,1.6,3.8,5.4,1.3,1.0,0.7,1.0,2.0,5.5
466,Fred VanVleet\vanvlfr01,SG,26,TOR,42,42,36.8,6.6,16.7,.395,3.4,9.1,.373,3.2,7.6,.422,.497,3.5,4.0,.886,0.7,3.6,4.3,6.2,1.7,0.7,2.0,2.4,20.1
467,Devin Vassell\vassede01,SF,20,SAS,37,1,17.1,1.8,4.5,.412,0.9,2.3,.412,0.9,2.2,.413,.518,0.7,0.8,.867,0.5,2.6,3.1,1.0,0.9,0.3,0.4,1.4,5.3
468,Gabe Vincent\vincega01,PG,24,MIA,32,6,14.9,2.1,5.5,.379,1.0,3.5,.295,1.1,2.0,.523,.472,0.6,0.7,.905,0.2,1.0,1.2,1.5,0.5,0.1,0.8,1.7,5.8
469,Noah Vonleh\vonleno01,PF,25,BRK,4,0,2.8,0.0,0.8,.000,0.0,0.5,.000,0.0,0.3,.000,.000,0.0,0.0,,0.0,0.3,0.3,0.3,0.0,0.0,0.5,0.5,0.0
470,Nikola Vučević\vucevni01,C,30,TOT,46,46,33.9,9.9,20.4,.485,2.6,6.4,.402,7.3,13.9,.523,.548,2.1,2.5,.833,2.0,9.7,11.6,3.8,0.9,0.6,1.8,1.9,24.4
470,Nikola Vučević\vucevni01,C,30,ORL,44,44,34.1,9.9,20.6,.480,2.7,6.5,.406,7.3,14.1,.515,.545,2.1,2.5,.827,2.0,9.8,11.8,3.8,1.0,0.6,1.9,1.8,24.5
470,Nikola Vučević\vucevni01,C,30,CHI,2,2,29.0,9.0,14.5,.621,1.0,4.0,.250,8.0,10.5,.762,.655,2.0,2.0,1.000,1.5,7.5,9.0,4.5,0.0,0.5,1.0,3.5,21.0
471,Dean Wade\wadede01,PF,24,CLE,39,6,14.3,1.6,3.7,.434,0.9,2.4,.379,0.7,1.3,.540,.559,0.4,0.5,.750,0.5,2.1,2.6,0.9,0.3,0.3,0.4,1.0,4.5
472,Moritz Wagner\wagnemo01,C,23,TOT,28,13,14.1,2.3,4.6,.496,0.5,1.6,.311,1.8,3.0,.595,.550,1.5,1.9,.778,0.5,2.4,2.9,1.2,0.8,0.3,0.9,2.3,6.6
472,Moritz Wagner\wagnemo01,C,23,WAS,25,13,15.0,2.5,4.9,.508,0.5,1.7,.310,2.0,3.2,.613,.561,1.6,2.1,.788,0.5,2.4,2.9,1.3,0.9,0.3,0.8,2.5,7.1
472,Moritz Wagner\wagnemo01,F-C,23,BOS,3,0,7.0,0.7,2.3,.286,0.3,1.0,.333,0.3,1.3,.250,.357,0.3,0.7,.500,0.3,2.3,2.7,0.7,0.0,0.0,1.0,1.0,2.0
473,Kemba Walker\walkeke02,PG,30,BOS,28,28,30.8,6.2,15.6,.396,2.9,8.0,.356,3.3,7.6,.439,.487,3.0,3.2,.933,0.3,3.2,3.5,4.6,1.2,0.3,2.2,1.3,18.2
474,Lonnie Walker\walkelo01,SG,22,SAS,37,30,26.2,4.4,10.4,.425,1.7,4.8,.356,2.7,5.6,.483,.506,1.0,1.2,.783,0.2,2.5,2.8,1.6,0.5,0.4,1.0,2.0,11.5
475,John Wall\walljo01,PG,30,HOU,32,32,31.8,7.2,17.9,.400,1.9,6.1,.318,5.2,11.8,.442,.454,3.9,5.3,.746,0.5,2.9,3.4,6.8,1.0,0.8,3.4,1.2,20.2
476,Brad Wanamaker\wanambr01,PG,31,TOT,40,0,15.7,1.5,4.3,.353,0.3,1.5,.213,1.2,2.8,.429,.390,1.3,1.4,.893,0.2,1.5,1.7,2.5,0.7,0.2,1.0,1.4,4.6
476,Brad Wanamaker\wanambr01,PG,31,GSW,39,0,16.0,1.6,4.4,.353,0.3,1.6,.213,1.2,2.9,.429,.390,1.3,1.4,.893,0.2,1.5,1.7,2.5,0.7,0.2,0.9,1.4,4.7
476,Brad Wanamaker\wanambr01,G,31,CHO,1,0,4.0,0.0,0.0,,0.0,0.0,,0.0,0.0,,,0.0,0.0,,0.0,0.0,0.0,0.0,0.0,0.0,1.0,1.0,0.0
477,T.J. Warren\warretj01,SF,27,IND,4,4,29.3,6.8,12.8,.529,0.0,1.8,.000,6.8,11.0,.614,.529,2.0,2.5,.800,0.5,3.0,3.5,1.3,0.5,0.0,1.0,4.0,15.5
478,P.J. Washington\washipj01,PF,22,CHO,41,41,29.9,4.3,9.7,.441,1.4,3.6,.381,2.9,6.1,.476,.511,2.0,2.6,.776,1.5,5.1,6.7,2.8,1.0,1.3,2.2,2.8,11.9
479,Yuta Watanabe\watanyu01,SF,26,TOR,28,1,11.3,0.8,2.5,.333,0.5,1.3,.371,0.4,1.2,.294,.428,0.3,0.4,.900,0.8,2.3,3.0,0.5,0.4,0.5,0.3,0.9,2.4
480,Tremont Waters\watertr01,PG,23,BOS,12,1,8.3,0.8,2.6,.323,0.5,1.3,.400,0.3,1.3,.250,.419,0.6,0.7,.875,0.2,0.5,0.7,2.6,0.5,0.0,1.1,0.5,2.8
481,Paul Watson\watsopa01,SF,26,TOR,24,0,9.8,1.0,2.3,.455,0.8,1.8,.455,0.2,0.5,.455,.636,0.1,0.2,.500,0.1,1.3,1.5,0.5,0.2,0.1,0.3,1.3,3.0
482,Quinndary Weatherspoon\weathqu01,SG,24,SAS,11,0,4.5,0.2,0.9,.200,0.0,0.2,.000,0.2,0.7,.250,.200,0.2,0.2,1.000,0.0,0.3,0.3,0.4,0.4,0.1,0.7,0.8,0.5
483,Russell Westbrook\westbru01,PG,32,WAS,38,38,34.9,8.2,18.9,.435,1.3,4.2,.316,6.9,14.8,.469,.470,4.0,6.5,.615,1.5,8.6,10.1,10.5,1.3,0.4,4.9,2.9,21.8
484,Coby White\whiteco01,PG,20,CHI,44,36,31.5,5.5,13.5,.409,2.3,6.4,.351,3.3,7.1,.462,.492,1.8,2.0,.895,0.5,4.1,4.6,4.6,0.5,0.2,2.3,2.5,15.0
485,Derrick White\whitede01,SG,26,SAS,20,16,27.8,4.4,11.2,.395,2.1,6.1,.339,2.4,5.1,.461,.487,2.3,2.7,.868,0.2,2.4,2.6,3.3,0.7,1.1,1.4,2.8,13.2
486,Hassan Whiteside\whiteha01,C,31,SAC,28,1,14.9,3.4,6.2,.555,0.0,0.0,.000,3.4,6.1,.558,.555,1.2,2.3,.524,1.8,4.3,6.0,0.6,0.2,1.4,1.1,1.9,8.0
487,Greg Whittington\whittgr01,PF,27,DEN,4,0,3.0,0.0,0.8,.000,0.0,0.5,.000,0.0,0.3,.000,.000,0.0,0.0,,0.0,0.0,0.0,0.0,0.0,0.0,0.0,0.0,0.0
488,Andrew Wiggins\wiggian01,PF,25,GSW,47,47,32.3,6.8,14.4,.474,2.0,5.1,.397,4.8,9.3,.516,.544,2.5,3.5,.705,1.0,3.7,4.7,2.2,0.9,0.9,1.9,2.2,18.2
489,Grant Williams\willigr01,PF,22,BOS,39,8,18.9,1.8,3.9,.455,0.8,2.1,.407,0.9,1.9,.507,.562,0.5,0.9,.528,1.0,2.2,3.2,1.0,0.6,0.4,0.9,2.7,4.9
490,Kenrich Williams\willike04,PF,26,OKC,46,6,19.8,3.0,5.3,.576,0.7,1.5,.435,2.4,3.8,.632,.638,0.4,0.8,.541,1.2,2.8,4.0,1.9,0.7,0.2,1.0,1.8,7.2
491,Lou Williams\willilo02,PG,34,LAC,42,3,21.9,4.3,10.2,.421,1.1,2.8,.378,3.2,7.4,.437,.473,2.5,2.8,.866,0.4,1.7,2.1,3.4,0.9,0.1,1.6,1.0,12.1
492,Patrick Williams\willipa01,PF,19,CHI,44,44,28.3,3.8,8.0,.469,0.8,2.2,.371,2.9,5.8,.506,.520,1.3,1.8,.766,0.9,4.0,4.9,1.3,0.7,0.7,1.5,2.1,9.7
493,Robert Williams\williro04,C,23,BOS,40,3,18.0,3.4,4.7,.714,0.0,0.0,.000,3.4,4.7,.718,.714,1.0,1.5,.644,2.5,4.2,6.7,1.6,0.9,1.9,1.0,2.0,7.7
494,Zion Williamson\willizi01,PF,20,NOP,44,44,32.8,10.1,16.2,.624,0.2,0.5,.348,9.9,15.7,.633,.629,6.0,8.5,.708,2.6,4.5,7.1,3.5,0.9,0.7,2.6,2.3,26.4
495,D.J. Wilson\wilsodj01,PF,24,TOT,19,0,10.3,1.6,3.9,.413,0.9,2.3,.395,0.7,1.7,.438,.527,0.3,0.4,.750,0.5,2.2,2.6,0.4,0.1,0.5,0.6,1.5,4.5
495,D.J. Wilson\wilsodj01,PF,24,MIL,12,0,8.8,1.3,3.6,.372,0.8,2.3,.357,0.5,1.3,.400,.488,0.1,0.2,.500,0.3,1.8,2.1,0.3,0.1,0.3,0.3,1.1,3.6
495,D.J. Wilson\wilsodj01,F,24,HOU,7,0,13.0,2.1,4.6,.469,1.0,2.1,.467,1.1,2.4,.471,.578,0.7,0.9,.833,0.9,2.7,3.6,0.7,0.1,0.7,1.0,2.1,6.0
496,Dylan Windler\windldy01,SF,24,CLE,31,0,16.5,1.8,4.2,.438,0.8,2.5,.338,1.0,1.7,.585,.538,0.7,0.9,.778,0.6,2.8,3.5,1.1,0.6,0.4,1.0,1.2,5.2
497,Justise Winslow\winslju01,SF,24,MEM,16,0,21.1,3.1,9.1,.342,0.3,2.6,.122,2.8,6.6,.429,.360,0.6,1.0,.563,0.8,4.0,4.8,1.8,0.8,0.4,1.6,2.0,7.1
498,Cassius Winston\winstca01,PG,22,WAS,10,0,5.7,0.6,1.5,.400,0.5,1.0,.500,0.1,0.5,.200,.567,0.2,0.2,1.000,0.0,0.7,0.7,1.0,0.0,0.1,0.1,0.5,1.9
499,James Wiseman\wisemja01,C,19,GSW,33,21,21.6,5.0,9.5,.522,0.3,1.0,.333,4.6,8.5,.544,.540,1.5,2.5,.630,1.4,4.5,5.9,0.6,0.3,1.0,1.5,3.3,11.8
500,Christian Wood\woodch01,C,25,HOU,23,23,31.0,8.5,15.4,.551,1.7,4.5,.379,6.8,10.9,.622,.606,2.8,4.2,.670,1.7,8.1,9.8,1.3,0.8,1.4,1.8,2.0,21.5
501,Robert Woodard\woodaro01,SF,21,SAC,9,0,2.6,0.7,1.4,.462,0.1,0.4,.250,0.6,1.0,.556,.500,0.3,0.9,.375,0.3,0.7,1.0,0.0,0.0,0.1,0.1,0.1,1.8
502,Delon Wright\wrighde01,SG,28,TOT,38,31,28.9,3.6,7.9,.458,0.8,2.4,.341,2.8,5.5,.510,.510,2.0,2.5,.789,1.0,3.5,4.5,4.9,1.6,0.5,1.3,1.2,10.0
502,Delon Wright\wrighde01,SG,28,DET,36,31,29.2,3.8,8.1,.464,0.9,2.5,.348,2.9,5.7,.515,.517,2.0,2.5,.789,1.0,3.5,4.6,5.0,1.6,0.5,1.3,1.3,10.4
502,Delon Wright\wrighde01,G,28,SAC,2,0,23.0,0.5,3.0,.167,0.0,1.0,.000,0.5,2.0,.250,.167,2.0,2.5,.800,0.0,3.5,3.5,3.5,0.5,0.0,1.0,1.0,3.0
503,Thaddeus Young\youngth01,PF,32,CHI,41,8,24.9,5.6,9.4,.593,0.1,0.6,.240,5.4,8.8,.618,.601,0.7,1.3,.537,2.4,4.0,6.4,4.4,1.3,0.6,2.1,2.5,12.0
504,Trae Young\youngtr01,PG,22,ATL,44,44,34.5,7.7,17.7,.434,2.4,6.8,.360,5.3,10.9,.480,.503,7.8,8.9,.875,0.7,3.3,4.0,9.4,0.8,0.3,4.3,1.9,25.6
505,Cody Zeller\zelleco01,C,28,CHO,26,20,21.5,3.5,7.0,.508,0.1,0.8,.150,3.4,6.2,.553,.517,1.5,2.2,.690,2.5,4.4,6.9,2.1,0.7,0.4,0.9,2.3,8.7
506,Ivica Zubac\zubaciv01,C,23,LAC,48,9,21.0,3.3,5.2,.637,0.0,0.1,.000,3.3,5.1,.645,.637,2.0,2.4,.826,2.7,4.6,7.2,1.1,0.4,0.9,1.1,2.5,8.6
